Id,Label
Addam-Marbrand,Addam Marbrand
Aegon-Frey-(son-of-Stevron),Aegon Frey (son of Stevron)
Aegon-I-Targaryen,Aegon I Targaryen
Aegon-Targaryen-(son-of-Rhaegar),Aegon Targaryen (son of Rhaegar)
Aegon-V-Targaryen,Aegon V Targaryen
Aemon-Targaryen-(Dragonknight),Aemon Targaryen (Dragonknight)
Aemon-Targaryen-(Maester-Aemon),Aemon Targaryen (Maester Aemon)
Aenys-Frey,Aenys Frey
Aeron-Greyjoy,Aeron Greyjoy
Aerys-I-Targaryen,Aerys I Targaryen
Aerys-II-Targaryen,Aerys II Targaryen
Aggar,Aggar
Aggo,Aggo
Alayaya,Alayaya
Albett,Albett
Alebelly,Alebelly
Alerie-Hightower,Alerie Hightower
Alester-Florent,Alester Florent
Alla-Tyrell,Alla Tyrell
Allar-Deem,Allar Deem
Allard-Seaworth,Allard Seaworth
Alleras,Alleras
Alliser-Thorne,Alliser Thorne
Alyn,Alyn
Alys-Arryn,Alys Arryn
Alys-Karstark,Alys Karstark
Alysane-Mormont,Alysane Mormont
Amabel,Amabel
Amerei-Frey,Amerei Frey
Amory-Lorch,Amory Lorch
Anders-Yronwood,Anders Yronwood
Andrew-Estermont,Andrew Estermont
Andrey-Dalt,Andrey Dalt
Anguy,Anguy
Anya-Waynwood,Anya Waynwood
Archibald-Yronwood,Archibald Yronwood
Ardrian-Celtigar,Ardrian Celtigar
Areo-Hotah,Areo Hotah
Arianne-Martell,Arianne Martell
Armen,Armen
Arnolf-Karstark,Arnolf Karstark
Aron-Santagar,Aron Santagar
Arron,Arron
Arson,Arson
Arstan,Arstan
Arthor-Karstark,Arthor Karstark
Arthur-Dayne,Arthur Dayne
Arwyn-Oakheart,Arwyn Oakheart
Arya-Stark,Arya Stark
Arys-Oakheart,Arys Oakheart
Asha-Greyjoy,Asha Greyjoy
Ashara-Dayne,Ashara Dayne
Aurane-Waters,Aurane Waters
Axell-Florent,Axell Florent
Azor-Ahai,Azor Ahai
Bael-the-Bard,Bael the Bard
Baelor-Blacktyde,Baelor Blacktyde
Baelor-I-Targaryen,Baelor I Targaryen
Ballabar,Ballabar
Balman-Byrch,Balman Byrch
Balon-Greyjoy,Balon Greyjoy
Balon-Swann,Balon Swann
Bannen,Bannen
Barbrey-Dustin,Barbrey Dustin
Barristan-Selmy,Barristan Selmy
Barsena,Barsena
Bartimus,Bartimus
Bedwyck,Bedwyck
Belaquo,Belaquo
Bellegere-Otherys,Bellegere Otherys
Belwas,Belwas
Ben-Bones,Ben Bones
Ben-Plumm,Ben Plumm
Benedar-Belmore,Benedar Belmore
Benerro,Benerro
Benethon-Scales,Benethon Scales
Benfred-Tallhart,Benfred Tallhart
Benjen-Stark,Benjen Stark
Beric-Dondarrion,Beric Dondarrion
Beth-Cassel,Beth Cassel
Big-Boil,Big Boil
Biter,Biter
Black-Balaq,Black Balaq
Blane,Blane
Bloodbeard,Bloodbeard
Blue-Bard,Blue Bard
Bonifer-Hasty,Bonifer Hasty
Boros-Blount,Boros Blount
Bowen-Marsh,Bowen Marsh
Bran-Stark,Bran Stark
Brandon-Norrey,Brandon Norrey
Brandon-Stark,Brandon Stark
Brea,Brea
Brella,Brella
Brenett,Brenett
Brienne-of-Tarth,Brienne of Tarth
Bronn,Bronn
Brus-Buckler,Brus Buckler
Brusco,Brusco
Bryce-Caron,Bryce Caron
Brynden-Rivers,Brynden Rivers
Brynden-Tully,Brynden Tully
Bump,Bump
Butterbumps,Butterbumps
Byam-Flint,Byam Flint
Caggo,Caggo
Caleotte,Caleotte
Camarron,Camarron
Captain-Myraham,Captain Myraham
Captain-Myraham-Daughter,Captain Myraham Daughter
Catelyn-Stark,Catelyn Stark
Cayn,Cayn
Cedra,Cedra
Cedric-Payne,Cedric Payne
Cellador,Cellador
Cersei-Lannister,Cersei Lannister
Chataya,Chataya
Chayle,Chayle
Chella,Chella
Chett,Chett
Chiggen,Chiggen
Chiswyck,Chiswyck
Clarence-Crabb,Clarence Crabb
Clayton-Suggs,Clayton Suggs
Clement-Piper,Clement Piper
Cleon,Cleon
Cleos-Frey,Cleos Frey
Cletus-Yronwood,Cletus Yronwood
Cley-Cerwyn,Cley Cerwyn
Clubfoot-Karl,Clubfoot Karl
Clydas,Clydas
Cohollo,Cohollo
Coldhands,Coldhands
Colemon,Colemon
Colen-of-Greenpools,Colen of Greenpools
Conn,Conn
Coratt,Coratt
Corliss-Penny,Corliss Penny
Cortnay-Penrose,Cortnay Penrose
Cotter-Pyke,Cotter Pyke
Craster,Craster
Creighton-Longbough,Creighton Longbough
Cressen,Cressen
Cromm,Cromm
Cutjack,Cutjack
Daario-Naharis,Daario Naharis
Dacey-Mormont,Dacey Mormont
Daemon-Sand,Daemon Sand
Daenerys-Targaryen,Daenerys Targaryen
Daeron-I-Targaryen,Daeron I Targaryen
Daeron-II-Targaryen,Daeron II Targaryen
Dagmer,Dagmer
Dalbridge,Dalbridge
Dalla,Dalla
Damon-Dance-for-Me,Damon Dance for Me
Dancy,Dancy
Danwell-Frey,Danwell Frey
Dareon,Dareon
Daryn-Hornwood,Daryn Hornwood
Daven-Lannister,Daven Lannister
Davos-Seaworth,Davos Seaworth
Denyo-Terys,Denyo Terys
Denys-Darklyn,Denys Darklyn
Denys-Mallister,Denys Mallister
Denzo-Dhan,Denzo Dhan
Desmond,Desmond
Desmond-Grell,Desmond Grell
Devan-Seaworth,Devan Seaworth
Dick-Crabb,Dick Crabb
Dick-Follard,Dick Follard
Dick-Straw,Dick Straw
Dirk,Dirk
Dobber,Dobber
Dolf,Dolf
Donal-Noye,Donal Noye
Donella-Hornwood,Donella Hornwood
Donnel-Waynwood,Donnel Waynwood
Dontos-Hollard,Dontos Hollard
Doran-Martell,Doran Martell
Dorcas,Dorcas
Doreah,Doreah
Draqaz,Draqaz
Drennan,Drennan
Drogo,Drogo
Dryn,Dryn
Dunsen,Dunsen
Dunstan-Drumm,Dunstan Drumm
Dywen,Dywen
Ebben,Ebben
Eddard-Stark,Eddard Stark
Eddison-Tollett,Eddison Tollett
Edmure-Tully,Edmure Tully
Edric-Storm,Edric Storm
Edwyn-Frey,Edwyn Frey
Elbert-Arryn,Elbert Arryn
Elder-Brother,Elder Brother
Eldon-Estermont,Eldon Estermont
Elia-Martell,Elia Martell
Elinor-Tyrell,Elinor Tyrell
Ellaria-Sand,Ellaria Sand
Elmar-Frey,Elmar Frey
Elys-Waynwood,Elys Waynwood
Emmett,Emmett
Emmon-Cuy,Emmon Cuy
Emmon-Frey,Emmon Frey
Emmond,Emmond
Emrick,Emrick
Eon-Hunter,Eon Hunter
Eroeh,Eroeh
Errok,Errok
Euron-Greyjoy,Euron Greyjoy
Eustace-Brune,Eustace Brune
Ezzara,Ezzara
Falyse-Stokeworth,Falyse Stokeworth
Farlen,Farlen
Florian-the-Fool,Florian the Fool
Fogo,Fogo
Forley-Prester,Forley Prester
Franklyn-Flowers,Franklyn Flowers
Franklyn-Fowler,Franklyn Fowler
Frenken,Frenken
Frenya,Frenya
Fulk,Fulk
Galazza-Galare,Galazza Galare
Galbart-Glover,Galbart Glover
Galyeon-of-Cuy,Galyeon of Cuy
Gared,Gared
Garin-(orphan),Garin (orphan)
Gariss,Gariss
Garlan-Tyrell,Garlan Tyrell
Garrett-Paege,Garrett Paege
Garth-(Wolfs-Den),Garth (Wolfs Den)
Garth-Greyfeather,Garth Greyfeather
Garth-Tyrell,Garth Tyrell
Gawen-Westerling,Gawen Westerling
Gelmarr,Gelmarr
Gendel,Gendel
Gendry,Gendry
Genna-Lannister,Genna Lannister
Gerald-Gower,Gerald Gower
Gerold-Dayne,Gerold Dayne
Gerold-Grafton,Gerold Grafton
Gerold-Hightower,Gerold Hightower
Gerrick-Kingsblood,Gerrick Kingsblood
Gerris-Drinkwater,Gerris Drinkwater
Ghael,Ghael
Gilly,Gilly
Gilwood-Hunter,Gilwood Hunter
Godric-Borrell,Godric Borrell
Godry-Farring,Godry Farring
Goghor-the-Giant,Goghor the Giant
Gormon-Tyrell,Gormon Tyrell
Gormond-Goodbrother,Gormond Goodbrother
Gorne,Gorne
Gorold-Goodbrother,Gorold Goodbrother
Grazdan-mo-Eraz,Grazdan mo Eraz
Grazhar,Grazhar
Greenbeard,Greenbeard
Gregor-Clegane,Gregor Clegane
Grenn,Grenn
Gretchel,Gretchel
Grey-Worm,Grey Worm
Greydon-Goodbrother,Greydon Goodbrother
Grigg,Grigg
Grimtongue,Grimtongue
Grisel,Grisel
Groleo,Groleo
Grunt,Grunt
Guncer-Sunglass,Guncer Sunglass
Gunthor-son-of-Gurn,Gunthor son of Gurn
Guyard-Morrigen,Guyard Morrigen
Gyles-Grafton,Gyles Grafton
Gyles-Rosby,Gyles Rosby
Gynir,Gynir
Hagen,Hagen
Haggo,Haggo
Haggon,Haggon
Hairy-Hal,Hairy Hal
Hake,Hake
Halder,Halder
Haldon,Haldon
Hali,Hali
Hallis-Mollen,Hallis Mollen
Hallyne,Hallyne
Halys-Hornwood,Halys Hornwood
Hareth-(Moles-Town),Hareth (Moles Town)
Harl,Harl
Harma,Harma
Harra,Harra
Harras-Harlaw,Harras Harlaw
Harren-Hoare,Harren Hoare
Harrold-Hardyng,Harrold Hardyng
Harry-Strickland,Harry Strickland
Harwin,Harwin
Harwood-Stout,Harwood Stout
Harys-Swyft,Harys Swyft
Hayhead,Hayhead
Helman-Tallhart,Helman Tallhart
Hero,Hero
Heward,Heward
High-Septon-(fat_one),High Septon (fat one)
High-Septon-(Tyrions),High Septon (Tyrions)
High-Sparrow,High Sparrow
Hizdahr-zo-Loraq,Hizdahr zo Loraq
Hobb,Hobb
Hobber-Redwyne,Hobber Redwyne
Hodor,Hodor
Holly,Holly
Hop-Robin,Hop Robin
Horas-Redwyne,Horas Redwyne
Horton-Redfort,Horton Redfort
Hosteen-Frey,Hosteen Frey
Hoster-Blackwood,Hoster Blackwood
Hoster-Tully,Hoster Tully
Hot-Pie,Hot Pie
Hother-Umber,Hother Umber
Hotho-Harlaw,Hotho Harlaw
Howland-Reed,Howland Reed
Hugh,Hugh
Hugh-Hungerford,Hugh Hungerford
Hugo-Vance,Hugo Vance
Hullen,Hullen
Humfrey-Hewett,Humfrey Hewett
Husband,Husband
Hyle-Hunt,Hyle Hunt
Illifer,Illifer
Illyrio-Mopatis,Illyrio Mopatis
Ilyn-Payne,Ilyn Payne
Imry-Florent,Imry Florent
Irri,Irri
Jacelyn-Bywater,Jacelyn Bywater
Jack-Be-Lucky,Jack Be Lucky
Jack-Bulwer,Jack Bulwer
Jacks,Jacks
Jaehaerys-I-Targaryen,Jaehaerys I Targaryen
Jafer-Flowers,Jafer Flowers
Jaime-Lannister,Jaime Lannister
Jalabhar-Xho,Jalabhar Xho
Janos-Slynt,Janos Slynt
Jaqen-Hghar,Jaqen Hghar
Jared-Frey,Jared Frey
Jaremy-Rykker,Jaremy Rykker
Jarl,Jarl
Jarman-Buckwell,Jarman Buckwell
Jason-Mallister,Jason Mallister
Jeor-Mormont,Jeor Mormont
Jeyne-Farman,Jeyne Farman
Jeyne-Heddle,Jeyne Heddle
Jeyne-Poole,Jeyne Poole
Jeyne-Westerling,Jeyne Westerling
Jhiqui,Jhiqui
Jhogo,Jhogo
Joanna-Lannister,Joanna Lannister
Jocelyn-Swyft,Jocelyn Swyft
Joffrey-Baratheon,Joffrey Baratheon
Jojen-Reed,Jojen Reed
Jommo,Jommo
Jon-Arryn,Jon Arryn
Jon-Connington,Jon Connington
Jon-Fossoway,Jon Fossoway
Jon-Snow,Jon Snow
Jon-Umber-(Greatjon),Jon Umber (Greatjon)
Jon-Umber-(Smalljon),Jon Umber (Smalljon)
Jonos-Bracken,Jonos Bracken
Jonothor-Darry,Jonothor Darry
Jonquil,Jonquil
Jorah-Mormont,Jorah Mormont
Joramun,Joramun
Jory-Cassel,Jory Cassel
Joseth,Joseth
Josmyn-Peckledon,Josmyn Peckledon
Joss,Joss
Joy-Hill,Joy Hill
Justin-Massey,Justin Massey
Jyck,Jyck
Karyl-Vance,Karyl Vance
Kasporio,Kasporio
Kedry,Kedry
Kegs,Kegs
Kella,Kella
Kerwin,Kerwin
Kevan-Lannister,Kevan Lannister
Khorane-Sathmantes,Khorane Sathmantes
Khrazz,Khrazz
Kindly-Man,Kindly Man
Kojja-Mo,Kojja Mo
Koss,Koss
Kraznys-mo-Nakloz,Kraznys mo Nakloz
Kurleket,Kurleket
Kurz,Kurz
Kyra,Kyra
Lambert-Turnberry,Lambert Turnberry
Lamprey,Lamprey
Lancel-Lannister,Lancel Lannister
Lanna-(Happy-Port),Lanna (Happy Port)
Lark,Lark
Larraq,Larraq
Leaf,Leaf
Leathers,Leathers
Lem,Lem
Lemore,Lemore
Leo-Lefford,Leo Lefford
Leo-Tyrell,Leo Tyrell
Leobald-Tallhart,Leobald Tallhart
Leona-Woolfield,Leona Woolfield
Leonette-Fossoway,Leonette Fossoway
Lewyn-Martell,Lewyn Martell
Lewys-Piper,Lewys Piper
Lollys-Stokeworth,Lollys Stokeworth
Lommy-Greenhands,Lommy Greenhands
Longwater-Pyke,Longwater Pyke
Loras-Tyrell,Loras Tyrell
Lorent-Caswell,Lorent Caswell
Lorren,Lorren
Lothar-Frey,Lothar Frey
Lothor-Brune,Lothor Brune
Lucas-Codd,Lucas Codd
Lucifer-Long,Lucifer Long
Luton,Luton
Luwin,Luwin
Lyanna-Mormont,Lyanna Mormont
Lyanna-Stark,Lyanna Stark
Lyle-Crakehall,Lyle Crakehall
Lyn-Corbray,Lyn Corbray
Lynesse-Hightower,Lynesse Hightower
Lyonel-Corbray,Lyonel Corbray
Lysa-Arryn,Lysa Arryn
Lysono-Maar,Lysono Maar
Mace-Tyrell,Mace Tyrell
Mad-Huntsman,Mad Huntsman
Maddy,Maddy
Maege-Mormont,Maege Mormont
Maegor-I-Targaryen,Maegor I Targaryen
Maekar-I-Targaryen,Maekar I Targaryen
Mag-Mar-Tun-Doh-Weg,Mag Mar Tun Doh Weg
Maggy,Maggy
Malaquo-Maegyr,Malaquo Maegyr
Malegorn,Malegorn
Mallador-Locke,Mallador Locke
Mance-Rayder,Mance Rayder
Mandon-Moore,Mandon Moore
Manfrey-Martell,Manfrey Martell
Margaery-Tyrell,Margaery Tyrell
Marghaz-zo-Loraq,Marghaz zo Loraq
Marillion,Marillion
Mariya-Darry,Mariya Darry
Mark-Mullendore,Mark Mullendore
Marlon-Manderly,Marlon Manderly
Maron-Greyjoy,Maron Greyjoy
Marq-Piper,Marq Piper
Marselen,Marselen
Martyn-Lannister,Martyn Lannister
Martyn-Rivers,Martyn Rivers
Marwyn,Marwyn
Marya-Seaworth,Marya Seaworth
Masha-Heddle,Masha Heddle
Mathis-Rowan,Mathis Rowan
Matthar,Matthar
Matthos-Seaworth,Matthos Seaworth
Mebble,Mebble
Meera-Reed,Meera Reed
Megga-Tyrell,Megga Tyrell
Melara-Hetherspoon,Melara Hetherspoon
Meldred-Merlyn,Meldred Merlyn
Melisandre,Melisandre
Mellei,Mellei
Meralyn,Meralyn
Meribald,Meribald
Meris,Meris
Mero,Mero
Merrett-Frey,Merrett Frey
Merrit,Merrit
Meryn-Trant,Meryn Trant
Mezzara,Mezzara
Mikken,Mikken
Miklaz,Miklaz
Mirri-Maz-Duur,Mirri Maz Duur
Missandei,Missandei
Moelle,Moelle
Mollander,Mollander
Monford-Velaryon,Monford Velaryon
Moon-Boy,Moon Boy
Moqorro,Moqorro
Mord,Mord
Mordane,Mordane
Moreo-Tumitis,Moreo Tumitis
Morgo,Morgo
Morra,Morra
Morrec,Morrec
Mors-Umber,Mors Umber
Mully,Mully
Munda,Munda
Murch,Murch
Murenmure,Murenmure
Mya-Stone,Mya Stone
Mycah,Mycah
Mychel-Redfort,Mychel Redfort
Myles-Toyne,Myles Toyne
Myranda-Royce,Myranda Royce
Myrcella-Baratheon,Myrcella Baratheon
Nage,Nage
Nan,Nan
Narbert,Narbert
Narbert-Grandison,Narbert Grandison
Nestor-Royce,Nestor Royce
Nurse,Nurse
Nute,Nute
Nyessos-Vhassar,Nyessos Vhassar
Nymeria-Sand,Nymeria Sand
Obara-Sand,Obara Sand
Oberyn-Martell,Oberyn Martell
Ogo,Ogo
Old-Bill-Bone,Old Bill Bone
Olenna-Redwyne,Olenna Redwyne
Olyvar-Frey,Olyvar Frey
Orell,Orell
Orton-Merryweather,Orton Merryweather
Osfryd-Kettleblack,Osfryd Kettleblack
Osha,Osha
Osmund-Kettleblack,Osmund Kettleblack
Osney-Kettleblack,Osney Kettleblack
Oswell-Kettleblack,Oswell Kettleblack
Oswell-Whent,Oswell Whent
Othell-Yarwyck,Othell Yarwyck
Othor,Othor
Ottyn-Wythers,Ottyn Wythers
Owen,Owen
Owen-Merryweather,Owen Merryweather
Oznak-zo-Pahl,Oznak zo Pahl
Palla,Palla
Patchface,Patchface
Pate-(novice),Pate (novice)
Pate-(Old),Pate (Old)
Pate-(whipping-boy),Pate (whipping boy)
Patrek-of-Kings-Mountain,Patrek of Kings Mountain
Paxter-Redwyne,Paxter Redwyne
Penny,Penny
Perwyn-Frey,Perwyn Frey
Petyr-Baelish,Petyr Baelish
Petyr-Frey,Petyr Frey
Pia,Pia
Podrick-Payne,Podrick Payne
Polliver,Polliver
Pono,Pono
Porridge,Porridge
Porther,Porther
Poxy-Tym,Poxy Tym
Praed,Praed
Prendahl-na-Ghezn,Prendahl na Ghezn
Preston-Greenfield,Preston Greenfield
Puckens,Puckens
Pyat-Pree,Pyat Pree
Pycelle,Pycelle
Pyg,Pyg
Pylos,Pylos
Pypar,Pypar
Qarl-the-Maid,Qarl the Maid
Qavo-Nogarys,Qavo Nogarys
Qezza,Qezza
Qhorin-Halfhand,Qhorin Halfhand
Qotho,Qotho
Quaithe,Quaithe
Quaro,Quaro
Quellon-Greyjoy,Quellon Greyjoy
Quentyn-Martell,Quentyn Martell
Quhuru-Mo,Quhuru Mo
Quill,Quill
Qyburn,Qyburn
Rafford,Rafford
Ragwyle,Ragwyle
Rakharo,Rakharo
Ralf-(Limper),Ralf (Limper)
Ralf-Stonehouse,Ralf Stonehouse
Ramsay-Snow,Ramsay Snow
Randyll-Tarly,Randyll Tarly
Rast,Rast
Rattleshirt,Rattleshirt
Ravella-Swann,Ravella Swann
Raymun-Darry,Raymun Darry
Raymun-Redbeard,Raymun Redbeard
Raynald-Westerling,Raynald Westerling
Raynard,Raynard
Red-Oarsman,Red Oarsman
Reek,Reek
Renly-Baratheon,Renly Baratheon
Rennifer-Longwaters,Rennifer Longwaters
Reznak-mo-Reznak,Reznak mo Reznak
Rhaegar-Frey,Rhaegar Frey
Rhaegar-Targaryen,Rhaegar Targaryen
Rhaegel-Targaryen,Rhaegel Targaryen
Rhaego,Rhaego
Rhaella-Targaryen,Rhaella Targaryen
Rhaenys-Targaryen,Rhaenys Targaryen
Rhaenys-Targaryen-(daughter-of-Rhaegar),Rhaenys Targaryen (daughter of Rhaegar)
Ricasso,Ricasso
Richard-Horpe,Richard Horpe
Rickard-Karstark,Rickard Karstark
Rickard-Stark,Rickard Stark
Rickon-Stark,Rickon Stark
Robar-Royce,Robar Royce
Robb-Stark,Robb Stark
Robert-Arryn,Robert Arryn
Robert-Baratheon,Robert Baratheon
Robert-Strong,Robert Strong
Robett-Glover,Robett Glover
Robin-Flint,Robin Flint
Robin-Ryger,Robin Ryger
Rodrik-Cassel,Rodrik Cassel
Rodrik-Harlaw,Rodrik Harlaw
Rodrik-Sparr,Rodrik Sparr
Roger-Ryswell,Roger Ryswell
Rolfe-the-Dwarf,Rolfe the Dwarf
Rollam-Westerling,Rollam Westerling
Rolly-Duckfield,Rolly Duckfield
Rolph-Spicer,Rolph Spicer
Ronnet-Connington,Ronnet Connington
Roone,Roone
Roose-Bolton,Roose Bolton
Roose-Ryswell,Roose Ryswell
Rorge,Rorge
Rory,Rory
Rosey,Rosey
Roslin-Frey,Roslin Frey
Rossart,Rossart
Rowan,Rowan
Rugen,Rugen
Rus,Rus
Ryk,Ryk
Ryman-Frey,Ryman Frey
Salladhor-Saan,Salladhor Saan
Sallor,Sallor
Samwell-Tarly,Samwell Tarly
Sandor-Clegane,Sandor Clegane
Sansa-Stark,Sansa Stark
Sarella-Sand,Sarella Sand
Satin,Satin
Sawane-Botley,Sawane Botley
Scar,Scar
Scolera,Scolera
Selwyn-Tarth,Selwyn Tarth
Selyse-Florent,Selyse Florent
Senelle,Senelle
Shadd,Shadd
Shadrich,Shadrich
Shae,Shae
Shagga,Shagga
Shagwell,Shagwell
Sharna,Sharna
Shireen-Baratheon,Shireen Baratheon
Shitmouth,Shitmouth
Shortear,Shortear
Shrouded-Lord,Shrouded Lord
Sigfryd-Harlaw,Sigfryd Harlaw
Sigorn,Sigorn
Simon-Toyne,Simon Toyne
Skahaz-mo-Kandaq,Skahaz mo Kandaq
Skinner,Skinner
Small-Paul,Small Paul
Smiling-Knight,Smiling Knight
Softfoot,Softfoot
Soren-Shieldbreaker,Soren Shieldbreaker
Sour-Alyn,Sour Alyn
Spare-Boot,Spare Boot
Spotted-Cat,Spotted Cat
Squint,Squint
Squirrel,Squirrel
Stafford-Lannister,Stafford Lannister
Stannis-Baratheon,Stannis Baratheon
Steelskin,Steelskin
Steffon-Baratheon,Steffon Baratheon
Steffon-Varner,Steffon Varner
Stevron-Frey,Stevron Frey
Stiv,Stiv
Stonesnake,Stonesnake
Stygg,Stygg
Styr,Styr
Sweets,Sweets
Sybell-Spicer,Sybell Spicer
Sybelle-Glover,Sybelle Glover
Sylva-Santagar,Sylva Santagar
Symon-Silver-Tongue,Symon Silver Tongue
Symon-Stripeback,Symon Stripeback
Symond-Templeton,Symond Templeton
Syrio-Forel,Syrio Forel
Taena-of-Myr,Taena of Myr
Talbert-Serry,Talbert Serry
Talea,Talea
Tallad,Tallad
Tanda-Stokeworth,Tanda Stokeworth
Tansy,Tansy
Tarber,Tarber
Tattered-Prince,Tattered Prince
Ternesio-Terys,Ternesio Terys
Terrance-Lynderly,Terrance Lynderly
Theobald,Theobald
Theomore,Theomore
Theon-Greyjoy,Theon Greyjoy
Thistle,Thistle
Thoren-Smallwood,Thoren Smallwood
Thoros-of-Myr,Thoros of Myr
Tickler,Tickler
Timeon,Timeon
Timett,Timett
Timoth,Timoth
Tion-Frey,Tion Frey
Tobho-Mott,Tobho Mott
Todder,Todder
Tom-Barleycorn,Tom Barleycorn
Tom-of-Sevenstreams,Tom of Sevenstreams
Tomard,Tomard
Tommen-Baratheon,Tommen Baratheon
Torbert,Torbert
Toregg,Toregg
Torghen-Flint,Torghen Flint
Torgon-Greyiron,Torgon Greyiron
Tormund,Tormund
Torrhen-Karstark,Torrhen Karstark
Torrhen-Stark,Torrhen Stark
Torwold-Browntooth,Torwold Browntooth
Tregar,Tregar
Tristifer-Botley,Tristifer Botley
Tristifer-IV-Mudd,Tristifer IV Mudd
Trystane-Martell,Trystane Martell
Tybero-Istarion,Tybero Istarion
Tycho-Nestoris,Tycho Nestoris
Tyene-Sand,Tyene Sand
Tyrion-Lannister,Tyrion Lannister
Tysha,Tysha
Tytos-Blackwood,Tytos Blackwood
Tywin-Lannister,Tywin Lannister
Ulf-son-of-Umar,Ulf son of Umar
Ulmer,Ulmer
Umma,Umma
Unella,Unella
Urswyck,Urswyck
Urzen,Urzen
Utherydes-Wayn,Utherydes Wayn
Val,Val
Varamyr,Varamyr
Vardis-Egen,Vardis Egen
Vargo-Hoat,Vargo Hoat
Varly,Varly
Varys,Varys
Vayon-Poole,Vayon Poole
Victarion-Greyjoy,Victarion Greyjoy
Visenya-Targaryen,Visenya Targaryen
Viserys-Targaryen,Viserys Targaryen
Vylarr,Vylarr
Vyman,Vyman
Waif,Waif
Walda-Frey-(daughter-of-Merrett),Walda Frey (daughter of Merrett)
Walder-Frey,Walder Frey
Walder-Frey-(son-of-Jammos),Walder Frey (son of Jammos)
Walder-Frey-(son-of-Merrett),Walder Frey (son of Merrett)
Walder-Rivers,Walder Rivers
Walgrave,Walgrave
Walton,Walton
Watt,Watt
Waymar-Royce,Waymar Royce
Weasel,Weasel
Weeper,Weeper
Weese,Weese
Wendel-Manderly,Wendel Manderly
Werlag,Werlag
Wex-Pyke,Wex Pyke
Wick-Whittlestick,Wick Whittlestick
Widower,Widower
Will-(prologue),Will (prologue)
Willam-Dustin,Willam Dustin
Willas-Tyrell,Willas Tyrell
Willem-Lannister,Willem Lannister
William-Foxglove,William Foxglove
Willis-Wode,Willis Wode
Willow-Heddle,Willow Heddle
Willow-Witch-eye,Willow Witch eye
Woth,Woth
Wulfe,Wulfe
Wun-Weg-Wun-Dar-Wun,Wun Weg Wun Dar Wun
Wyl-(guard),Wyl (guard)
Wylis-Manderly,Wylis Manderly
Wylla,Wylla
Wyman-Manderly,Wyman Manderly
Wynton-Stout,Wynton Stout
Xaro-Xhoan-Daxos,Xaro Xhoan Daxos
Xhondo,Xhondo
Yandry,Yandry
Yellow-Dick,Yellow Dick
Yezzan-zo-Qaggaz,Yezzan zo Qaggaz
Ygritte,Ygritte
Yohn-Royce,Yohn Royce
Yoren,Yoren
Yorko-Terys,Yorko Terys
Ysilla,Ysilla
Yurkhaz-zo-Yunzak,Yurkhaz zo Yunzak
Zei,Zei
Zollo,Zollo