Id,Label
Aegon-I-Targaryen,Aegon I Targaryen
Aegon-Targaryen-(son-of-Rhaegar),Aegon Targaryen (son of Rhaegar)
Aemon-Targaryen-(Maester-Aemon),Aemon Targaryen (Maester Aemon)
Aenys-Frey,Aenys Frey
Aeron-Greyjoy,Aeron Greyjoy
Aerys-II-Targaryen,Aerys II Targaryen
Aggo,Aggo
Alliser-Thorne,Alliser Thorne
Alys-Karstark,Alys Karstark
Alysane-Mormont,Alysane Mormont
Archibald-Yronwood,Archibald Yronwood
Areo-Hotah,Areo Hotah
Arianne-Martell,Arianne Martell
Arnolf-Karstark,Arnolf Karstark
Arron,Arron
Arthor-Karstark,Arthor Karstark
Arya-Stark,Arya Stark
Arys-Oakheart,Arys Oakheart
Asha-Greyjoy,Asha Greyjoy
Ashara-Dayne,Ashara Dayne
Axell-Florent,Axell Florent
Azor-Ahai,Azor Ahai
Balon-Greyjoy,Balon Greyjoy
Balon-Swann,Balon Swann
Barbrey-Dustin,Barbrey Dustin
Barristan-Selmy,Barristan Selmy
Barsena,Barsena
Bartimus,Bartimus
Belaquo,Belaquo
Belwas,Belwas
Ben-Bones,Ben Bones
Ben-Plumm,Ben Plumm
Benerro,Benerro
Benethon-Scales,Benethon Scales
Benjen-Stark,Benjen Stark
Black-Balaq,Black Balaq
Bloodbeard,Bloodbeard
Boros-Blount,Boros Blount
Bowen-Marsh,Bowen Marsh
Bran-Stark,Bran Stark
Brandon-Norrey,Brandon Norrey
Brea,Brea
Brienne-of-Tarth,Brienne of Tarth
Brus-Buckler,Brus Buckler
Brusco,Brusco
Brynden-Rivers,Brynden Rivers
Brynden-Tully,Brynden Tully
Bump,Bump
Caggo,Caggo
Caleotte,Caleotte
Camarron,Camarron
Catelyn-Stark,Catelyn Stark
Cellador,Cellador
Cersei-Lannister,Cersei Lannister
Clayton-Suggs,Clayton Suggs
Cleon,Cleon
Cletus-Yronwood,Cletus Yronwood
Clydas,Clydas
Coldhands,Coldhands
Corliss-Penny,Corliss Penny
Cotter-Pyke,Cotter Pyke
Cromm,Cromm
Daario-Naharis,Daario Naharis
Daenerys-Targaryen,Daenerys Targaryen
Daeron-II-Targaryen,Daeron II Targaryen
Dalla,Dalla
Damon-Dance-for-Me,Damon Dance for Me
Davos-Seaworth,Davos Seaworth
Denys-Mallister,Denys Mallister
Denzo-Dhan,Denzo Dhan
Devan-Seaworth,Devan Seaworth
Dick-Straw,Dick Straw
Donal-Noye,Donal Noye
Doran-Martell,Doran Martell
Draqaz,Draqaz
Drogo,Drogo
Dryn,Dryn
Dunsen,Dunsen
Eddard-Stark,Eddard Stark
Eddison-Tollett,Eddison Tollett
Elia-Martell,Elia Martell
Ellaria-Sand,Ellaria Sand
Emmett,Emmett
Emrick,Emrick
Eroeh,Eroeh
Euron-Greyjoy,Euron Greyjoy
Ezzara,Ezzara
Franklyn-Flowers,Franklyn Flowers
Frenya,Frenya
Fulk,Fulk
Galazza-Galare,Galazza Galare
Galbart-Glover,Galbart Glover
Garth-(Wolfs-Den),Garth (Wolfs Den)
Garth-Greyfeather,Garth Greyfeather
Gerold-Dayne,Gerold Dayne
Gerrick-Kingsblood,Gerrick Kingsblood
Gerris-Drinkwater,Gerris Drinkwater
Ghael,Ghael
Gilly,Gilly
Godric-Borrell,Godric Borrell
Godry-Farring,Godry Farring
Goghor-the-Giant,Goghor the Giant
Grazhar,Grazhar
Gregor-Clegane,Gregor Clegane
Grenn,Grenn
Grey-Worm,Grey Worm
Grimtongue,Grimtongue
Groleo,Groleo
Grunt,Grunt
Hagen,Hagen
Haggon,Haggon
Hairy-Hal,Hairy Hal
Haldon,Haldon
Hareth-(Moles-Town),Hareth (Moles Town)
Harl,Harl
Harry-Strickland,Harry Strickland
Harwood-Stout,Harwood Stout
Harys-Swyft,Harys Swyft
Hero,Hero
High-Sparrow,High Sparrow
Hizdahr-zo-Loraq,Hizdahr zo Loraq
Hobb,Hobb
Hodor,Hodor
Holly,Holly
Hop-Robin,Hop Robin
Hosteen-Frey,Hosteen Frey
Hoster-Blackwood,Hoster Blackwood
Hother-Umber,Hother Umber
Hugh-Hungerford,Hugh Hungerford
Illyrio-Mopatis,Illyrio Mopatis
Ilyn-Payne,Ilyn Payne
Irri,Irri
Jack-Bulwer,Jack Bulwer
Jaime-Lannister,Jaime Lannister
Janos-Slynt,Janos Slynt
Jared-Frey,Jared Frey
Jeor-Mormont,Jeor Mormont
Jeyne-Poole,Jeyne Poole
Jhiqui,Jhiqui
Jhogo,Jhogo
Joffrey-Baratheon,Joffrey Baratheon
Jojen-Reed,Jojen Reed
Jon-Connington,Connington
Jon-Snow,Jon Snow
Jon-Umber-(Greatjon),Jon Umber (Greatjon)
Jonos-Bracken,Jonos Bracken
Jorah-Mormont,Jorah Mormont
Joramun,Joramun
Josmyn-Peckledon,Josmyn Peckledon
Justin-Massey,Justin Massey
Kasporio,Kasporio
Kedry,Kedry
Kerwin,Kerwin
Kevan-Lannister,Kevan Lannister
Khrazz,Khrazz
Kindly-Man,Kindly Man
Lancel-Lannister,Lancel Lannister
Larraq,Larraq
Leaf,Leaf
Leathers,Leathers
Lemore,Lemore
Leona-Woolfield,Leona Woolfield
Longwater-Pyke,Longwater Pyke
Lorren,Lorren
Lucifer-Long,Lucifer Long
Luton,Luton
Lyanna-Mormont,Lyanna Mormont
Lyanna-Stark,Lyanna Stark
Lysono-Maar,Lysono Maar
Mace-Tyrell,Mace Tyrell
Maege-Mormont,Maege Mormont
Malaquo-Maegyr,Malaquo Maegyr
Malegorn,Malegorn
Mance-Rayder,Mance Rayder
Margaery-Tyrell,Margaery Tyrell
Marghaz-zo-Loraq,Marghaz zo Loraq
Marlon-Manderly,Marlon Manderly
Marselen,Marselen
Marya-Seaworth,Marya Seaworth
Meera-Reed,Meera Reed
Melisandre,Melisandre
Meris,Meris
Meryn-Trant,Meryn Trant
Mezzara,Mezzara
Miklaz,Miklaz
Missandei,Missandei
Moelle,Moelle
Moqorro,Moqorro
Morgo,Morgo
Mors-Umber,Mors Umber
Mully,Mully
Myles-Toyne,Myles Toyne
Myrcella-Baratheon,Myrcella Baratheon
Narbert-Grandison,Narbert Grandison
Nurse,Nurse
Nyessos-Vhassar,Nyessos Vhassar
Nymeria-Sand,Nymeria Sand
Obara-Sand,Obara Sand
Oberyn-Martell,Oberyn Martell
Old-Bill-Bone,Old Bill Bone
Osney-Kettleblack,Osney Kettleblack
Othell-Yarwyck,Othell Yarwyck
Owen,Owen
Patchface,Patchface
Patrek-of-Kings-Mountain,Patrek of Kings Mountain
Penny,Penny
Petyr-Baelish,Petyr Baelish
Pono,Pono
Pycelle,Pycelle
Pypar,Pypar
Qarl-the-Maid,Qarl the Maid
Qavo-Nogarys,Qavo Nogarys
Qezza,Qezza
Qhorin-Halfhand,Qhorin Halfhand
Quaithe,Quaithe
Quentyn-Martell,Quentyn Martell
Qyburn,Qyburn
Rafford,Rafford
Rakharo,Rakharo
Ralf-(Limper),Ralf (Limper)
Ramsay-Snow,Ramsay Snow
Randyll-Tarly,Randyll Tarly
Rattleshirt,Rattleshirt
Raymun-Redbeard,Raymun Redbeard
Reznak-mo-Reznak,Reznak mo Reznak
Rhaegar-Frey,Rhaegar Frey
Rhaegar-Targaryen,Rhaegar Targaryen
Rhaenys-Targaryen-(daughter-of-Rhaegar),Rhaenys Targaryen (daughter of Rhaegar)
Richard-Horpe,Richard Horpe
Rickard-Karstark,Rickard Karstark
Rickon-Stark,Rickon Stark
Robb-Stark,Robb Stark
Robert-Baratheon,Robert Baratheon
Robert-Strong,Robert Strong
Robett-Glover,Robett Glover
Rodrik-Cassel,Rodrik Cassel
Rodrik-Sparr,Rodrik Sparr
Roger-Ryswell,Roger Ryswell
Rolfe-the-Dwarf,Rolfe the Dwarf
Rolly-Duckfield,Rolly Duckfield
Ronnet-Connington,Ronnet Connington
Roose-Bolton,Roose Bolton
Roose-Ryswell,Roose Ryswell
Rory,Rory
Rowan,Rowan
Salladhor-Saan,Salladhor Saan
Samwell-Tarly,Samwell Tarly
Sansa-Stark,Sansa Stark
Satin,Satin
Scar,Scar
Scolera,Scolera
Selyse-Florent,Selyse Florent
Shae,Shae
Shireen-Baratheon,Shireen Baratheon
Shrouded-Lord,Shrouded Lord
Sigorn,Sigorn
Skahaz-mo-Kandaq,Skahaz mo Kandaq
Skinner,Skinner
Soren-Shieldbreaker,Soren Shieldbreaker
Sour-Alyn,Sour Alyn
Spotted-Cat,Spotted Cat
Squirrel,Squirrel
Stannis-Baratheon,Stannis Baratheon
Steelskin,Steelskin
Sweets,Sweets
Sybell-Spicer,Sybell Spicer
Sybelle-Glover,Sybelle Glover
Symon-Stripeback,Symon Stripeback
Tattered-Prince,Tattered Prince
Theomore,Theomore
Theon-Greyjoy,Theon Greyjoy
Thistle,Thistle
Todder,Todder
Tom-Barleycorn,Tom Barleycorn
Tommen-Baratheon,Tommen Baratheon
Toregg,Toregg
Torghen-Flint,Torghen Flint
Torgon-Greyiron,Torgon Greyiron
Tormund,Tormund
Tristifer-Botley,Tristifer Botley
Trystane-Martell,Trystane Martell
Tybero-Istarion,Tybero Istarion
Tycho-Nestoris,Tycho Nestoris
Tyene-Sand,Tyene Sand
Tyrion-Lannister,Tyrion Lannister
Tysha,Tysha
Tytos-Blackwood,Tytos Blackwood
Tywin-Lannister,Tywin Lannister
Ulmer,Ulmer
Unella,Unella
Val,Val
Varamyr,Varamyr
Varys,Varys
Victarion-Greyjoy,Victarion Greyjoy
Viserys-Targaryen,Viserys Targaryen
Waif,Waif
Walda-Frey-(daughter-of-Merrett),Walda Frey (daughter of Merrett)
Walder-Frey-(son-of-Jammos),Walder Frey (son of Jammos)
Walder-Frey-(son-of-Merrett),Walder Frey (son of Merrett)
Weeper,Weeper
Wex-Pyke,Wex Pyke
Wick-Whittlestick,Wick Whittlestick
Widower,Widower
Willam-Dustin,Willam Dustin
William-Foxglove,William Foxglove
Willow-Witch-eye,Willow Witch eye
Wulfe,Wulfe
Wun-Weg-Wun-Dar-Wun,Wun Weg Wun Dar Wun
Wylis-Manderly,Wylis Manderly
Wyman-Manderly,Wyman Manderly
Xaro-Xhoan-Daxos,Xaro Xhoan Daxos
Yandry,Yandry
Yellow-Dick,Yellow Dick
Yezzan-zo-Qaggaz,Yezzan zo Qaggaz
Ygritte,Ygritte
Ysilla,Ysilla
Yurkhaz-zo-Yunzak,Yurkhaz zo Yunzak