Source,Target,Type,weight,book
Addam-Marbrand,Brynden-Tully,Undirected,3,45
Addam-Marbrand,Cersei-Lannister,Undirected,3,45
Addam-Marbrand,Jaime-Lannister,Undirected,8,45
Addam-Marbrand,Lyle-Crakehall,Undirected,4,45
Brynden-Tully,Jaime-Lannister,Undirected,22,45
Brynden-Tully,Lyle-Crakehall,Undirected,4,45
Brynden-Tully,Catelyn-Stark,Undirected,3,45
Brynden-Tully,Daven-Lannister,Undirected,3,45
Brynden-Tully,Edmure-Tully,Undirected,15,45
Brynden-Tully,Edwyn-Frey,Undirected,3,45
Brynden-Tully,Emmon-Frey,Undirected,7,45
Brynden-Tully,Ryman-Frey,Undirected,3,45
Cersei-Lannister,Jaime-Lannister,Undirected,62,45
Cersei-Lannister,Rhaegar-Targaryen,Undirected,8,45
Cersei-Lannister,Jon-Snow,Undirected,3,45
Cersei-Lannister,Robert-Baratheon,Undirected,36,45
Cersei-Lannister,Tywin-Lannister,Undirected,17,45
Cersei-Lannister,Margaery-Tyrell,Undirected,73,45
Cersei-Lannister,Osney-Kettleblack,Undirected,27,45
Cersei-Lannister,Lancel-Lannister,Undirected,15,45
Cersei-Lannister,Myrcella-Baratheon,Undirected,8,45
Cersei-Lannister,Petyr-Baelish,Undirected,7,45
Cersei-Lannister,Doran-Martell,Undirected,3,45
Cersei-Lannister,Sansa-Stark,Undirected,6,45
Cersei-Lannister,Gyles-Rosby,Undirected,18,45
Cersei-Lannister,Harys-Swyft,Undirected,4,45
Cersei-Lannister,Loras-Tyrell,Undirected,24,45
Cersei-Lannister,Orton-Merryweather,Undirected,9,45
Cersei-Lannister,Stannis-Baratheon,Undirected,14,45
Cersei-Lannister,Tommen-Baratheon,Undirected,93,45
Cersei-Lannister,Falyse-Stokeworth,Undirected,14,45
Cersei-Lannister,Gregor-Clegane,Undirected,10,45
Cersei-Lannister,Qyburn,Undirected,30,45
Cersei-Lannister,Tallad,Undirected,4,45
Cersei-Lannister,Meryn-Trant,Undirected,18,45
Cersei-Lannister,Osmund-Kettleblack,Undirected,25,45
Cersei-Lannister,Joffrey-Baratheon,Undirected,24,45
Cersei-Lannister,Tyrion-Lannister,Undirected,41,45
Cersei-Lannister,Dorcas,Undirected,18,45
Cersei-Lannister,Dunsen,Undirected,7,45
Cersei-Lannister,Eddard-Stark,Undirected,3,45
Cersei-Lannister,Garlan-Tyrell,Undirected,3,45
Cersei-Lannister,Garth-Tyrell,Undirected,3,45
Cersei-Lannister,High-Septon-(Tyrions),Undirected,3,45
Cersei-Lannister,High-Sparrow,Undirected,35,45
Cersei-Lannister,Ilyn-Payne,Undirected,10,45
Cersei-Lannister,Jalabhar-Xho,Undirected,3,45
Cersei-Lannister,Jocelyn-Swyft,Undirected,13,45
Cersei-Lannister,Kevan-Lannister,Undirected,19,45
Cersei-Lannister,Mace-Tyrell,Undirected,20,45
Cersei-Lannister,Maegor-I-Targaryen,Undirected,3,45
Cersei-Lannister,Maggy,Undirected,5,45
Cersei-Lannister,Mark-Mullendore,Undirected,3,45
Cersei-Lannister,Melara-Hetherspoon,Undirected,5,45
Cersei-Lannister,Moon-Boy,Undirected,5,45
Cersei-Lannister,Olenna-Redwyne,Undirected,6,45
Cersei-Lannister,Osfryd-Kettleblack,Undirected,8,45
Cersei-Lannister,Pycelle,Undirected,15,45
Cersei-Lannister,Rafford,Undirected,7,45
Cersei-Lannister,Raynard,Undirected,3,45
Cersei-Lannister,Senelle,Undirected,9,45
Cersei-Lannister,Taena-of-Myr,Undirected,46,45
Cersei-Lannister,Unella,Undirected,13,45
Cersei-Lannister,Varys,Undirected,7,45
Cersei-Lannister,Walder-Frey,Undirected,5,45
Cersei-Lannister,Daenerys-Targaryen,Undirected,3,45
Cersei-Lannister,Moelle,Undirected,4,45
Cersei-Lannister,Robert-Strong,Undirected,4,45
Cersei-Lannister,Scolera,Undirected,5,45
Jaime-Lannister,Lyle-Crakehall,Undirected,9,45
Jaime-Lannister,Rhaegar-Targaryen,Undirected,7,45
Jaime-Lannister,Robert-Baratheon,Undirected,16,45
Jaime-Lannister,Tywin-Lannister,Undirected,14,45
Jaime-Lannister,Margaery-Tyrell,Undirected,10,45
Jaime-Lannister,Lancel-Lannister,Undirected,22,45
Jaime-Lannister,Sandor-Clegane,Undirected,9,45
Jaime-Lannister,Sansa-Stark,Undirected,6,45
Jaime-Lannister,Loras-Tyrell,Undirected,10,45
Jaime-Lannister,Tommen-Baratheon,Undirected,26,45
Jaime-Lannister,Mariya-Darry,Undirected,6,45
Jaime-Lannister,Thoros-of-Myr,Undirected,3,45
Jaime-Lannister,Qyburn,Undirected,4,45
Jaime-Lannister,Osmund-Kettleblack,Undirected,17,45
Jaime-Lannister,Robb-Stark,Undirected,4,45
Jaime-Lannister,Renly-Baratheon,Undirected,6,45
Jaime-Lannister,Tyrion-Lannister,Undirected,19,45
Jaime-Lannister,Ryman-Frey,Undirected,13,45
Jaime-Lannister,Kevan-Lannister,Undirected,9,45
Jaime-Lannister,Mace-Tyrell,Undirected,5,45
Jaime-Lannister,Melara-Hetherspoon,Undirected,3,45
Jaime-Lannister,Olenna-Redwyne,Undirected,3,45
Jaime-Lannister,Pycelle,Undirected,10,45
Jaime-Lannister,Rafford,Undirected,3,45
Jaime-Lannister,Taena-of-Myr,Undirected,4,45
Jaime-Lannister,Varys,Undirected,11,45
Jaime-Lannister,Walder-Frey,Undirected,5,45
Jaime-Lannister,Shadrich,Undirected,3,45
Jaime-Lannister,Walder-Rivers,Undirected,4,45
Jaime-Lannister,Josmyn-Peckledon,Undirected,17,45
Jaime-Lannister,Joy-Hill,Undirected,3,45
Jaime-Lannister,Karyl-Vance,Undirected,4,45
Jaime-Lannister,Lewys-Piper,Undirected,3,45
Jaime-Lannister,Pia,Undirected,10,45
Jaime-Lannister,Rennifer-Longwaters,Undirected,3,45
Jaime-Lannister,Ronnet-Connington,Undirected,4,45
Jaime-Lannister,Shitmouth,Undirected,3,45
Jaime-Lannister,Sybell-Spicer,Undirected,4,45
Jaime-Lannister,Vargo-Hoat,Undirected,6,45
Jaime-Lannister,Wylis-Manderly,Undirected,3,45
Jaime-Lannister,Zollo,Undirected,3,45
Jaime-Lannister,Jonos-Bracken,Undirected,9,45
Jaime-Lannister,Tytos-Blackwood,Undirected,6,45
Aegon-Targaryen-(son-of-Rhaegar),Rhaegar-Targaryen,Undirected,12,45
Aegon-Targaryen-(son-of-Rhaegar),Tywin-Lannister,Undirected,3,45
Aegon-Targaryen-(son-of-Rhaegar),Tyrion-Lannister,Undirected,23,45
Aegon-Targaryen-(son-of-Rhaegar),Elia-Martell,Undirected,4,45
Aegon-Targaryen-(son-of-Rhaegar),Daenerys-Targaryen,Undirected,11,45
Aegon-Targaryen-(son-of-Rhaegar),Franklyn-Flowers,Undirected,3,45
Aegon-Targaryen-(son-of-Rhaegar),Haldon,Undirected,14,45
Aegon-Targaryen-(son-of-Rhaegar),Harry-Strickland,Undirected,9,45
Aegon-Targaryen-(son-of-Rhaegar),Jon-Connington,Undirected,16,45
Aegon-Targaryen-(son-of-Rhaegar),Lemore,Undirected,10,45
Aegon-Targaryen-(son-of-Rhaegar),Rhaenys-Targaryen-(daughter-of-Rhaegar),Undirected,4,45
Aegon-Targaryen-(son-of-Rhaegar),Rolly-Duckfield,Undirected,11,45
Aegon-Targaryen-(son-of-Rhaegar),Viserys-Targaryen,Undirected,3,45
Aegon-Targaryen-(son-of-Rhaegar),Yandry,Undirected,6,45
Aegon-Targaryen-(son-of-Rhaegar),Ysilla,Undirected,4,45
Rhaegar-Targaryen,Robert-Baratheon,Undirected,13,45
Aegon-V-Targaryen,Aemon-Targaryen-(Maester-Aemon),Undirected,3,45
Aemon-Targaryen-(Maester-Aemon),Alleras,Undirected,4,45
Aemon-Targaryen-(Maester-Aemon),Clydas,Undirected,12,45
Aemon-Targaryen-(Maester-Aemon),Dareon,Undirected,5,45
Aemon-Targaryen-(Maester-Aemon),Gilly,Undirected,20,45
Aemon-Targaryen-(Maester-Aemon),Jon-Snow,Undirected,29,45
Aemon-Targaryen-(Maester-Aemon),Samwell-Tarly,Undirected,57,45
Aemon-Targaryen-(Maester-Aemon),Stannis-Baratheon,Undirected,3,45
Alleras,Samwell-Tarly,Undirected,8,45
Alleras,Armen,Undirected,5,45
Alleras,Leo-Tyrell,Undirected,7,45
Alleras,Marwyn,Undirected,3,45
Alleras,Mollander,Undirected,7,45
Alleras,Pate-(novice),Undirected,8,45
Alleras,Roone,Undirected,6,45
Clydas,Jon-Snow,Undirected,20,45
Clydas,Samwell-Tarly,Undirected,3,45
Clydas,Stannis-Baratheon,Undirected,3,45
Clydas,Mully,Undirected,4,45
Dareon,Gilly,Undirected,7,45
Dareon,Samwell-Tarly,Undirected,26,45
Dareon,Lanna-(Happy-Port),Undirected,4,45
Gilly,Jon-Snow,Undirected,25,45
Gilly,Samwell-Tarly,Undirected,49,45
Gilly,Kojja-Mo,Undirected,7,45
Gilly,Melisandre,Undirected,7,45
Gilly,Mance-Rayder,Undirected,3,45
Jon-Snow,Samwell-Tarly,Undirected,45,45
Jon-Snow,Sansa-Stark,Undirected,3,45
Jon-Snow,Stannis-Baratheon,Undirected,79,45
Jon-Snow,Robb-Stark,Undirected,13,45
Jon-Snow,Melisandre,Undirected,48,45
Jon-Snow,Pypar,Undirected,5,45
Jon-Snow,Qhorin-Halfhand,Undirected,3,45
Jon-Snow,Sigorn,Undirected,6,45
Jon-Snow,Satin,Undirected,15,45
Jon-Snow,Mance-Rayder,Undirected,25,45
Jon-Snow,Tycho-Nestoris,Undirected,12,45
Jon-Snow,Selyse-Florent,Undirected,38,45
Jon-Snow,Shireen-Baratheon,Undirected,4,45
Jon-Snow,Narbert-Grandison,Undirected,3,45
Jon-Snow,Othell-Yarwyck,Undirected,10,45
Jon-Snow,Tormund,Undirected,50,45
Jon-Snow,Wick-Whittlestick,Undirected,5,45
Jon-Snow,Malegorn,Undirected,5,45
Jon-Snow,Mully,Undirected,14,45
Jon-Snow,Val,Undirected,37,45
Jon-Snow,Leathers,Undirected,18,45
Jon-Snow,Rory,Undirected,6,45
Jon-Snow,Owen,Undirected,3,45
Jon-Snow,Patrek-of-Kings-Mountain,Undirected,7,45
Jon-Snow,Rattleshirt,Undirected,23,45
Jon-Snow,Soren-Shieldbreaker,Undirected,3,45
Jon-Snow,Tom-Barleycorn,Undirected,4,45
Jon-Snow,Toregg,Undirected,6,45
Jon-Snow,Ulmer,Undirected,3,45
Jon-Snow,Weeper,Undirected,3,45
Jon-Snow,Wun-Weg-Wun-Dar-Wun,Undirected,11,45
Jon-Snow,Ygritte,Undirected,14,45
Samwell-Tarly,Stannis-Baratheon,Undirected,19,45
Samwell-Tarly,Xhondo,Undirected,18,45
Samwell-Tarly,Theobald,Undirected,7,45
Aeron-Greyjoy,Asha-Greyjoy,Undirected,7,45
Aeron-Greyjoy,Baelor-Blacktyde,Undirected,4,45
Aeron-Greyjoy,Balon-Greyjoy,Undirected,17,45
Aeron-Greyjoy,Dunstan-Drumm,Undirected,4,45
Aeron-Greyjoy,Emmond,Undirected,4,45
Aeron-Greyjoy,Euron-Greyjoy,Undirected,27,45
Aeron-Greyjoy,Gormond-Goodbrother,Undirected,6,45
Aeron-Greyjoy,Gorold-Goodbrother,Undirected,10,45
Aeron-Greyjoy,Greydon-Goodbrother,Undirected,4,45
Aeron-Greyjoy,Meldred-Merlyn,Undirected,7,45
Aeron-Greyjoy,Murenmure,Undirected,11,45
Aeron-Greyjoy,Rus,Undirected,5,45
Aeron-Greyjoy,Theon-Greyjoy,Undirected,3,45
Aeron-Greyjoy,Victarion-Greyjoy,Undirected,20,45
Asha-Greyjoy,Balon-Greyjoy,Undirected,12,45
Asha-Greyjoy,Euron-Greyjoy,Undirected,23,45
Asha-Greyjoy,Theon-Greyjoy,Undirected,13,45
Asha-Greyjoy,Victarion-Greyjoy,Undirected,10,45
Asha-Greyjoy,Robert-Baratheon,Undirected,4,45
Asha-Greyjoy,Red-Oarsman,Undirected,3,45
Asha-Greyjoy,Rodrik-Harlaw,Undirected,7,45
Asha-Greyjoy,Tristifer-Botley,Undirected,16,45
Asha-Greyjoy,Stannis-Baratheon,Undirected,16,45
Asha-Greyjoy,Justin-Massey,Undirected,15,45
Asha-Greyjoy,Clayton-Suggs,Undirected,4,45
Asha-Greyjoy,Galbart-Glover,Undirected,8,45
Asha-Greyjoy,Godry-Farring,Undirected,3,45
Asha-Greyjoy,Grimtongue,Undirected,3,45
Asha-Greyjoy,Hagen,Undirected,3,45
Asha-Greyjoy,Qarl-the-Maid,Undirected,8,45
Asha-Greyjoy,Rolfe-the-Dwarf,Undirected,3,45
Asha-Greyjoy,Sybelle-Glover,Undirected,3,45
Asha-Greyjoy,Torgon-Greyiron,Undirected,3,45
Asha-Greyjoy,Tycho-Nestoris,Undirected,3,45
Baelor-Blacktyde,Balon-Greyjoy,Undirected,3,45
Baelor-Blacktyde,Euron-Greyjoy,Undirected,4,45
Baelor-Blacktyde,Victarion-Greyjoy,Undirected,4,45
Balon-Greyjoy,Euron-Greyjoy,Undirected,23,45
Balon-Greyjoy,Theon-Greyjoy,Undirected,3,45
Balon-Greyjoy,Victarion-Greyjoy,Undirected,13,45
Balon-Greyjoy,Stannis-Baratheon,Undirected,4,45
Dunstan-Drumm,Victarion-Greyjoy,Undirected,3,45
Dunstan-Drumm,Rodrik-Harlaw,Undirected,3,45
Euron-Greyjoy,Victarion-Greyjoy,Undirected,50,45
Euron-Greyjoy,Red-Oarsman,Undirected,6,45
Euron-Greyjoy,Rodrik-Harlaw,Undirected,4,45
Euron-Greyjoy,Hotho-Harlaw,Undirected,4,45
Euron-Greyjoy,Humfrey-Hewett,Undirected,3,45
Euron-Greyjoy,Nute,Undirected,4,45
Euron-Greyjoy,Quellon-Greyjoy,Undirected,3,45
Euron-Greyjoy,Sawane-Botley,Undirected,3,45
Gorold-Goodbrother,Victarion-Greyjoy,Undirected,3,45
Meldred-Merlyn,Victarion-Greyjoy,Undirected,3,45
Murenmure,Theon-Greyjoy,Undirected,3,45
Theon-Greyjoy,Wyman-Manderly,Undirected,3,45
Theon-Greyjoy,Walder-Frey-(son-of-Merrett),Undirected,6,45
Theon-Greyjoy,Yellow-Dick,Undirected,5,45
Theon-Greyjoy,Walda-Frey-(daughter-of-Merrett),Undirected,3,45
Theon-Greyjoy,Walder-Frey-(son-of-Jammos),Undirected,6,45
Theon-Greyjoy,Wex-Pyke,Undirected,3,45
Theon-Greyjoy,Willow-Witch-eye,Undirected,4,45
Victarion-Greyjoy,Wulfe,Undirected,3,45
Aerys-II-Targaryen,Cersei-Lannister,Undirected,3,45
Aerys-II-Targaryen,Jaime-Lannister,Undirected,6,45
Aerys-II-Targaryen,Rhaegar-Targaryen,Undirected,10,45
Aerys-II-Targaryen,Barristan-Selmy,Undirected,4,45
Aerys-II-Targaryen,Denys-Darklyn,Undirected,4,45
Aerys-II-Targaryen,Elbert-Arryn,Undirected,3,45
Aerys-II-Targaryen,Owen-Merryweather,Undirected,3,45
Aerys-II-Targaryen,Robert-Baratheon,Undirected,8,45
Aerys-II-Targaryen,Tywin-Lannister,Undirected,16,45
Barristan-Selmy,Rhaegar-Targaryen,Undirected,3,45
Barristan-Selmy,Quentyn-Martell,Undirected,22,45
Barristan-Selmy,Tyrion-Lannister,Undirected,3,45
Barristan-Selmy,Varys,Undirected,3,45
Barristan-Selmy,Daenerys-Targaryen,Undirected,75,45
Barristan-Selmy,Daario-Naharis,Undirected,18,45
Barristan-Selmy,Grey-Worm,Undirected,6,45
Barristan-Selmy,Jhogo,Undirected,3,45
Barristan-Selmy,Gerris-Drinkwater,Undirected,4,45
Barristan-Selmy,Belwas,Undirected,9,45
Barristan-Selmy,Ben-Plumm,Undirected,4,45
Barristan-Selmy,Bloodbeard,Undirected,3,45
Barristan-Selmy,Galazza-Galare,Undirected,5,45
Barristan-Selmy,Grazhar,Undirected,3,45
Barristan-Selmy,Groleo,Undirected,8,45
Barristan-Selmy,Hizdahr-zo-Loraq,Undirected,42,45
Barristan-Selmy,Khrazz,Undirected,8,45
Barristan-Selmy,Larraq,Undirected,3,45
Barristan-Selmy,Missandei,Undirected,8,45
Barristan-Selmy,Reznak-mo-Reznak,Undirected,7,45
Barristan-Selmy,Skahaz-mo-Kandaq,Undirected,21,45
Barristan-Selmy,Steelskin,Undirected,3,45
Barristan-Selmy,Widower,Undirected,3,45
Barristan-Selmy,Xaro-Xhoan-Daxos,Undirected,3,45
Robert-Baratheon,Tywin-Lannister,Undirected,3,45
Robert-Baratheon,Stannis-Baratheon,Undirected,15,45
Robert-Baratheon,Tommen-Baratheon,Undirected,9,45
Robert-Baratheon,Tyrion-Lannister,Undirected,6,45
Robert-Baratheon,Taena-of-Myr,Undirected,5,45
Robert-Baratheon,Viserys-Targaryen,Undirected,3,45
Robert-Baratheon,Val,Undirected,3,45
Robert-Baratheon,Willam-Dustin,Undirected,3,45
Tywin-Lannister,Wylis-Manderly,Undirected,3,45
Alla-Tyrell,Elinor-Tyrell,Undirected,8,45
Alla-Tyrell,Margaery-Tyrell,Undirected,7,45
Alla-Tyrell,Megga-Tyrell,Undirected,10,45
Alla-Tyrell,Osney-Kettleblack,Undirected,3,45
Elinor-Tyrell,Margaery-Tyrell,Undirected,5,45
Elinor-Tyrell,Megga-Tyrell,Undirected,10,45
Elinor-Tyrell,Tallad,Undirected,3,45
Margaery-Tyrell,Robert-Baratheon,Undirected,5,45
Margaery-Tyrell,Megga-Tyrell,Undirected,9,45
Margaery-Tyrell,Osney-Kettleblack,Undirected,14,45
Margaery-Tyrell,Sansa-Stark,Undirected,3,45
Margaery-Tyrell,Orton-Merryweather,Undirected,4,45
Margaery-Tyrell,Tommen-Baratheon,Undirected,46,45
Margaery-Tyrell,Qyburn,Undirected,6,45
Margaery-Tyrell,Tallad,Undirected,3,45
Margaery-Tyrell,Osmund-Kettleblack,Undirected,8,45
Margaery-Tyrell,Olenna-Redwyne,Undirected,3,45
Margaery-Tyrell,Senelle,Undirected,3,45
Margaery-Tyrell,Taena-of-Myr,Undirected,15,45
Margaery-Tyrell,Willas-Tyrell,Undirected,3,45
Osney-Kettleblack,Stannis-Baratheon,Undirected,3,45
Osney-Kettleblack,Tommen-Baratheon,Undirected,6,45
Osney-Kettleblack,Taena-of-Myr,Undirected,3,45
Armen,Leo-Tyrell,Undirected,3,45
Armen,Marwyn,Undirected,3,45
Armen,Mollander,Undirected,3,45
Armen,Pate-(novice),Undirected,5,45
Armen,Roone,Undirected,4,45
Leo-Tyrell,Samwell-Tarly,Undirected,3,45
Leo-Tyrell,Pate-(novice),Undirected,8,45
Leo-Tyrell,Roone,Undirected,3,45
Marwyn,Samwell-Tarly,Undirected,6,45
Mollander,Pate-(novice),Undirected,3,45
Mollander,Roone,Undirected,7,45
Pate-(novice),Walgrave,Undirected,10,45
Pate-(novice),Quill,Undirected,4,45
Pate-(novice),Rosey,Undirected,9,45
Alys-Arryn,Elys-Waynwood,Undirected,4,45
Alys-Arryn,Jon-Arryn,Undirected,3,45
Jon-Arryn,Robert-Baratheon,Undirected,3,45
Jon-Arryn,Petyr-Baelish,Undirected,3,45
Jon-Arryn,Lysa-Arryn,Undirected,3,45
Jon-Arryn,Tyrion-Lannister,Undirected,3,45
Amerei-Frey,Jaime-Lannister,Undirected,6,45
Amerei-Frey,Lyle-Crakehall,Undirected,4,45
Amerei-Frey,Lancel-Lannister,Undirected,10,45
Lancel-Lannister,Osmund-Kettleblack,Undirected,13,45
Lancel-Lannister,Moon-Boy,Undirected,11,45
Anders-Yronwood,Quentyn-Martell,Undirected,4,45
Quentyn-Martell,Trystane-Martell,Undirected,3,45
Quentyn-Martell,Tattered-Prince,Undirected,14,45
Andrey-Dalt,Arianne-Martell,Undirected,10,45
Andrey-Dalt,Garin-(orphan),Undirected,11,45
Andrey-Dalt,Myrcella-Baratheon,Undirected,4,45
Andrey-Dalt,Sylva-Santagar,Undirected,8,45
Andrey-Dalt,Tyene-Sand,Undirected,4,45
Arianne-Martell,Quentyn-Martell,Undirected,8,45
Arianne-Martell,Garin-(orphan),Undirected,18,45
Arianne-Martell,Myrcella-Baratheon,Undirected,16,45
Arianne-Martell,Sylva-Santagar,Undirected,10,45
Arianne-Martell,Tyene-Sand,Undirected,4,45
Arianne-Martell,Arys-Oakheart,Undirected,19,45
Arianne-Martell,Doran-Martell,Undirected,26,45
Arianne-Martell,Obara-Sand,Undirected,5,45
Arianne-Martell,Oberyn-Martell,Undirected,3,45
Arianne-Martell,Cedra,Undirected,8,45
Arianne-Martell,Franklyn-Fowler,Undirected,3,45
Arianne-Martell,Gerold-Dayne,Undirected,11,45
Arianne-Martell,Mellei,Undirected,3,45
Arianne-Martell,Morra,Undirected,3,45
Arianne-Martell,Ricasso,Undirected,3,45
Arianne-Martell,Timoth,Undirected,3,45
Arianne-Martell,Balon-Swann,Undirected,5,45
Arianne-Martell,Ellaria-Sand,Undirected,3,45
Garin-(orphan),Myrcella-Baratheon,Undirected,5,45
Garin-(orphan),Sylva-Santagar,Undirected,8,45
Garin-(orphan),Tyene-Sand,Undirected,5,45
Garin-(orphan),Gerold-Dayne,Undirected,5,45
Garin-(orphan),Nymeria-Sand,Undirected,3,45
Myrcella-Baratheon,Sylva-Santagar,Undirected,4,45
Myrcella-Baratheon,Stannis-Baratheon,Undirected,3,45
Myrcella-Baratheon,Tommen-Baratheon,Undirected,11,45
Myrcella-Baratheon,Tyrion-Lannister,Undirected,9,45
Myrcella-Baratheon,Trystane-Martell,Undirected,10,45
Sylva-Santagar,Tyene-Sand,Undirected,3,45
Anya-Waynwood,Benedar-Belmore,Undirected,4,45
Anya-Waynwood,Gilwood-Hunter,Undirected,6,45
Anya-Waynwood,Harrold-Hardyng,Undirected,6,45
Anya-Waynwood,Horton-Redfort,Undirected,7,45
Anya-Waynwood,Petyr-Baelish,Undirected,10,45
Anya-Waynwood,Symond-Templeton,Undirected,6,45
Anya-Waynwood,Yohn-Royce,Undirected,5,45
Benedar-Belmore,Gilwood-Hunter,Undirected,3,45
Benedar-Belmore,Horton-Redfort,Undirected,5,45
Benedar-Belmore,Petyr-Baelish,Undirected,5,45
Benedar-Belmore,Symond-Templeton,Undirected,4,45
Gilwood-Hunter,Horton-Redfort,Undirected,6,45
Gilwood-Hunter,Symond-Templeton,Undirected,4,45
Gilwood-Hunter,Lysa-Arryn,Undirected,3,45
Harrold-Hardyng,Yohn-Royce,Undirected,3,45
Harrold-Hardyng,Robert-Arryn,Undirected,4,45
Horton-Redfort,Yohn-Royce,Undirected,3,45
Petyr-Baelish,Symond-Templeton,Undirected,5,45
Petyr-Baelish,Yohn-Royce,Undirected,12,45
Petyr-Baelish,Sansa-Stark,Undirected,18,45
Petyr-Baelish,Tyrion-Lannister,Undirected,5,45
Petyr-Baelish,Pycelle,Undirected,4,45
Petyr-Baelish,Varys,Undirected,4,45
Petyr-Baelish,Robert-Arryn,Undirected,22,45
Symond-Templeton,Yohn-Royce,Undirected,4,45
Areo-Hotah,Arianne-Martell,Undirected,28,45
Areo-Hotah,Myrcella-Baratheon,Undirected,5,45
Areo-Hotah,Arys-Oakheart,Undirected,11,45
Areo-Hotah,Caleotte,Undirected,7,45
Areo-Hotah,Doran-Martell,Undirected,44,45
Areo-Hotah,Obara-Sand,Undirected,13,45
Areo-Hotah,Oberyn-Martell,Undirected,3,45
Areo-Hotah,Balon-Swann,Undirected,4,45
Areo-Hotah,Ellaria-Sand,Undirected,3,45
Arys-Oakheart,Garin-(orphan),Undirected,3,45
Arys-Oakheart,Myrcella-Baratheon,Undirected,18,45
Arys-Oakheart,Doran-Martell,Undirected,3,45
Arys-Oakheart,Gerold-Dayne,Undirected,6,45
Caleotte,Doran-Martell,Undirected,11,45
Caleotte,Obara-Sand,Undirected,5,45
Caleotte,Gregor-Clegane,Undirected,4,45
Doran-Martell,Robert-Baratheon,Undirected,3,45
Doran-Martell,Tywin-Lannister,Undirected,4,45
Doran-Martell,Quentyn-Martell,Undirected,4,45
Doran-Martell,Myrcella-Baratheon,Undirected,11,45
Doran-Martell,Tyene-Sand,Undirected,6,45
Doran-Martell,Obara-Sand,Undirected,12,45
Doran-Martell,Oberyn-Martell,Undirected,10,45
Doran-Martell,Gregor-Clegane,Undirected,8,45
Doran-Martell,Nymeria-Sand,Undirected,7,45
Doran-Martell,Viserys-Targaryen,Undirected,3,45
Doran-Martell,Ellaria-Sand,Undirected,3,45
Obara-Sand,Tyene-Sand,Undirected,16,45
Oberyn-Martell,Tyene-Sand,Undirected,3,45
Cedra,Garin-(orphan),Undirected,5,45
Gerold-Dayne,Myrcella-Baratheon,Undirected,9,45
Mellei,Morra,Undirected,5,45
Arya-Stark,Dareon,Undirected,5,45
Arya-Stark,Jon-Snow,Undirected,12,45
Arya-Stark,Theon-Greyjoy,Undirected,7,45
Arya-Stark,Bellegere-Otherys,Undirected,3,45
Arya-Stark,Brea,Undirected,5,45
Arya-Stark,Brusco,Undirected,10,45
Arya-Stark,Denyo-Terys,Undirected,8,45
Arya-Stark,Kindly-Man,Undirected,17,45
Arya-Stark,Meralyn,Undirected,9,45
Arya-Stark,Nan,Undirected,5,45
Arya-Stark,Sandor-Clegane,Undirected,3,45
Arya-Stark,Sansa-Stark,Undirected,8,45
Arya-Stark,Syrio-Forel,Undirected,4,45
Arya-Stark,Talea,Undirected,4,45
Arya-Stark,Ternesio-Terys,Undirected,5,45
Arya-Stark,Umma,Undirected,6,45
Arya-Stark,Waif,Undirected,20,45
Arya-Stark,Yorko-Terys,Undirected,6,45
Arya-Stark,Bran-Stark,Undirected,7,45
Arya-Stark,Eddard-Stark,Undirected,4,45
Arya-Stark,Melisandre,Undirected,4,45
Arya-Stark,Jeyne-Poole,Undirected,4,45
Arya-Stark,Mance-Rayder,Undirected,3,45
Arya-Stark,Ramsay-Snow,Undirected,5,45
Brea,Brusco,Undirected,6,45
Brea,Talea,Undirected,4,45
Denyo-Terys,Ternesio-Terys,Undirected,3,45
Kindly-Man,Waif,Undirected,13,45
Sandor-Clegane,Sansa-Stark,Undirected,3,45
Sandor-Clegane,Thoros-of-Myr,Undirected,3,45
Sandor-Clegane,Timeon,Undirected,4,45
Sandor-Clegane,Tyrion-Lannister,Undirected,3,45
Sandor-Clegane,Tickler,Undirected,4,45
Sansa-Stark,Tywin-Lannister,Undirected,3,45
Sansa-Stark,Yohn-Royce,Undirected,3,45
Sansa-Stark,Tyrion-Lannister,Undirected,6,45
Rodrik-Harlaw,Victarion-Greyjoy,Undirected,3,45
Rodrik-Harlaw,Sigfryd-Harlaw,Undirected,3,45
Aurane-Waters,Cersei-Lannister,Undirected,9,45
Aurane-Waters,Margaery-Tyrell,Undirected,5,45
Aurane-Waters,Gyles-Rosby,Undirected,3,45
Aurane-Waters,Harys-Swyft,Undirected,5,45
Aurane-Waters,Loras-Tyrell,Undirected,3,45
Aurane-Waters,Orton-Merryweather,Undirected,3,45
Aurane-Waters,Paxter-Redwyne,Undirected,3,45
Aurane-Waters,Stannis-Baratheon,Undirected,3,45
Aurane-Waters,Tommen-Baratheon,Undirected,3,45
Gyles-Rosby,Margaery-Tyrell,Undirected,5,45
Gyles-Rosby,Harys-Swyft,Undirected,6,45
Gyles-Rosby,Orton-Merryweather,Undirected,4,45
Gyles-Rosby,Qyburn,Undirected,4,45
Gyles-Rosby,Mace-Tyrell,Undirected,3,45
Gyles-Rosby,Pycelle,Undirected,12,45
Harys-Swyft,Orton-Merryweather,Undirected,3,45
Harys-Swyft,Stannis-Baratheon,Undirected,3,45
Harys-Swyft,Tommen-Baratheon,Undirected,3,45
Harys-Swyft,Pycelle,Undirected,12,45
Harys-Swyft,Taena-of-Myr,Undirected,3,45
Loras-Tyrell,Margaery-Tyrell,Undirected,21,45
Loras-Tyrell,Tommen-Baratheon,Undirected,13,45
Loras-Tyrell,Osmund-Kettleblack,Undirected,13,45
Loras-Tyrell,Tyrion-Lannister,Undirected,3,45
Orton-Merryweather,Petyr-Baelish,Undirected,5,45
Orton-Merryweather,Stannis-Baratheon,Undirected,3,45
Orton-Merryweather,Tommen-Baratheon,Undirected,3,45
Orton-Merryweather,Pycelle,Undirected,5,45
Orton-Merryweather,Taena-of-Myr,Undirected,4,45
Paxter-Redwyne,Samwell-Tarly,Undirected,4,45
Stannis-Baratheon,Theon-Greyjoy,Undirected,10,45
Stannis-Baratheon,Tywin-Lannister,Undirected,7,45
Stannis-Baratheon,Tommen-Baratheon,Undirected,13,45
Stannis-Baratheon,Tyrion-Lannister,Undirected,6,45
Stannis-Baratheon,Wyman-Manderly,Undirected,19,45
Stannis-Baratheon,Tycho-Nestoris,Undirected,7,45
Stannis-Baratheon,Val,Undirected,15,45
Stannis-Baratheon,Theomore,Undirected,3,45
Stannis-Baratheon,William-Foxglove,Undirected,3,45
Tommen-Baratheon,Tywin-Lannister,Undirected,6,45
Tommen-Baratheon,Tyrion-Lannister,Undirected,5,45
Baelor-I-Targaryen,Cersei-Lannister,Undirected,5,45
Balman-Byrch,Cersei-Lannister,Undirected,7,45
Balman-Byrch,Bronn,Undirected,7,45
Balman-Byrch,Falyse-Stokeworth,Undirected,10,45
Bronn,Cersei-Lannister,Undirected,4,45
Bronn,Falyse-Stokeworth,Undirected,3,45
Bronn,Tyrion-Lannister,Undirected,4,45
Bronn,Lollys-Stokeworth,Undirected,4,45
Falyse-Stokeworth,Qyburn,Undirected,7,45
Balon-Swann,Jaime-Lannister,Undirected,3,45
Balon-Swann,Myrcella-Baratheon,Undirected,4,45
Balon-Swann,Doran-Martell,Undirected,11,45
Balon-Swann,Gerold-Dayne,Undirected,3,45
Balon-Swann,Loras-Tyrell,Undirected,4,45
Balon-Swann,Gregor-Clegane,Undirected,3,45
Balon-Swann,Tyrion-Lannister,Undirected,3,45
Gregor-Clegane,Jaime-Lannister,Undirected,5,45
Gregor-Clegane,Tywin-Lannister,Undirected,5,45
Gregor-Clegane,Oberyn-Martell,Undirected,3,45
Gregor-Clegane,Sandor-Clegane,Undirected,5,45
Gregor-Clegane,Qyburn,Undirected,6,45
Gregor-Clegane,Meryn-Trant,Undirected,6,45
Gregor-Clegane,Ilyn-Payne,Undirected,7,45
Gregor-Clegane,Pycelle,Undirected,3,45
Gregor-Clegane,Rafford,Undirected,7,45
Beric-Dondarrion,Jaime-Lannister,Undirected,7,45
Beric-Dondarrion,Sandor-Clegane,Undirected,3,45
Beric-Dondarrion,Catelyn-Stark,Undirected,3,45
Beric-Dondarrion,Mariya-Darry,Undirected,5,45
Beric-Dondarrion,Thoros-of-Myr,Undirected,5,45
Catelyn-Stark,Jaime-Lannister,Undirected,15,45
Catelyn-Stark,Petyr-Baelish,Undirected,3,45
Catelyn-Stark,Sansa-Stark,Undirected,9,45
Catelyn-Stark,Robb-Stark,Undirected,4,45
Catelyn-Stark,Hyle-Hunt,Undirected,3,45
Catelyn-Stark,Randyll-Tarly,Undirected,3,45
Catelyn-Stark,Renly-Baratheon,Undirected,4,45
Catelyn-Stark,Tyrion-Lannister,Undirected,3,45
Catelyn-Stark,Eddard-Stark,Undirected,5,45
Biter,Brienne-of-Tarth,Undirected,5,45
Brienne-of-Tarth,Cersei-Lannister,Undirected,3,45
Brienne-of-Tarth,Jaime-Lannister,Undirected,21,45
Brienne-of-Tarth,Tywin-Lannister,Undirected,3,45
Brienne-of-Tarth,Sandor-Clegane,Undirected,12,45
Brienne-of-Tarth,Sansa-Stark,Undirected,19,45
Brienne-of-Tarth,Tommen-Baratheon,Undirected,3,45
Brienne-of-Tarth,Catelyn-Stark,Undirected,10,45
Brienne-of-Tarth,Clarence-Crabb,Undirected,4,45
Brienne-of-Tarth,Creighton-Longbough,Undirected,8,45
Brienne-of-Tarth,Dick-Crabb,Undirected,21,45
Brienne-of-Tarth,Dontos-Hollard,Undirected,7,45
Brienne-of-Tarth,Elder-Brother,Undirected,4,45
Brienne-of-Tarth,Gendry,Undirected,6,45
Brienne-of-Tarth,Hyle-Hunt,Undirected,17,45
Brienne-of-Tarth,Illifer,Undirected,8,45
Brienne-of-Tarth,Jeyne-Heddle,Undirected,4,45
Brienne-of-Tarth,Joffrey-Baratheon,Undirected,4,45
Brienne-of-Tarth,Lysa-Arryn,Undirected,3,45
Brienne-of-Tarth,Meribald,Undirected,17,45
Brienne-of-Tarth,Narbert,Undirected,6,45
Brienne-of-Tarth,Podrick-Payne,Undirected,36,45
Brienne-of-Tarth,Pyg,Undirected,4,45
Brienne-of-Tarth,Randyll-Tarly,Undirected,8,45
Brienne-of-Tarth,Renly-Baratheon,Undirected,9,45
Brienne-of-Tarth,Shagwell,Undirected,9,45
Brienne-of-Tarth,Timeon,Undirected,5,45
Brienne-of-Tarth,Tyrion-Lannister,Undirected,3,45
Brienne-of-Tarth,Willow-Heddle,Undirected,5,45
Blue-Bard,Cersei-Lannister,Undirected,7,45
Blue-Bard,Margaery-Tyrell,Undirected,6,45
Blue-Bard,Lambert-Turnberry,Undirected,3,45
Blue-Bard,Qyburn,Undirected,4,45
Blue-Bard,Tallad,Undirected,3,45
Lambert-Turnberry,Tallad,Undirected,3,45
Qyburn,Stannis-Baratheon,Undirected,3,45
Qyburn,Robert-Strong,Undirected,4,45
Bonifer-Hasty,Jaime-Lannister,Undirected,4,45
Boros-Blount,Cersei-Lannister,Undirected,3,45
Boros-Blount,Jaime-Lannister,Undirected,3,45
Boros-Blount,Osney-Kettleblack,Undirected,3,45
Boros-Blount,Tommen-Baratheon,Undirected,4,45
Boros-Blount,Meryn-Trant,Undirected,7,45
Boros-Blount,Osmund-Kettleblack,Undirected,8,45
Meryn-Trant,Osmund-Kettleblack,Undirected,9,45
Meryn-Trant,Rafford,Undirected,7,45
Osmund-Kettleblack,Osney-Kettleblack,Undirected,6,45
Osmund-Kettleblack,Tommen-Baratheon,Undirected,6,45
Osmund-Kettleblack,Qyburn,Undirected,3,45
Osmund-Kettleblack,Tyrion-Lannister,Undirected,6,45
Osmund-Kettleblack,Pycelle,Undirected,3,45
Bran-Stark,Jon-Snow,Undirected,10,45
Bran-Stark,Theon-Greyjoy,Undirected,8,45
Bran-Stark,Tommen-Baratheon,Undirected,3,45
Bran-Stark,Rickon-Stark,Undirected,12,45
Bran-Stark,Robb-Stark,Undirected,11,45
Bran-Stark,Eddard-Stark,Undirected,4,45
Bran-Stark,Brynden-Rivers,Undirected,14,45
Bran-Stark,Coldhands,Undirected,6,45
Bran-Stark,Hodor,Undirected,50,45
Bran-Stark,Jojen-Reed,Undirected,17,45
Bran-Stark,Leaf,Undirected,5,45
Bran-Stark,Meera-Reed,Undirected,33,45
Rickon-Stark,Theon-Greyjoy,Undirected,4,45
Rickon-Stark,Robb-Stark,Undirected,8,45
Robb-Stark,Theon-Greyjoy,Undirected,7,45
Robb-Stark,Sansa-Stark,Undirected,3,45
Robb-Stark,Stannis-Baratheon,Undirected,6,45
Robb-Stark,Wyman-Manderly,Undirected,3,45
Robb-Stark,Rodrik-Cassel,Undirected,3,45
Brella,Sansa-Stark,Undirected,4,45
Creighton-Longbough,Illifer,Undirected,15,45
Creighton-Longbough,Shadrich,Undirected,4,45
Dick-Crabb,Jaime-Lannister,Undirected,3,45
Dick-Crabb,Podrick-Payne,Undirected,9,45
Dick-Crabb,Renly-Baratheon,Undirected,3,45
Dick-Crabb,Eustace-Brune,Undirected,3,45
Dontos-Hollard,Sansa-Stark,Undirected,9,45
Dontos-Hollard,Joffrey-Baratheon,Undirected,4,45
Dontos-Hollard,Tyrion-Lannister,Undirected,3,45
Elder-Brother,Meribald,Undirected,3,45
Elder-Brother,Narbert,Undirected,4,45
Gendry,Willow-Heddle,Undirected,3,45
Hyle-Hunt,Sandor-Clegane,Undirected,3,45
Hyle-Hunt,Sansa-Stark,Undirected,3,45
Hyle-Hunt,Meribald,Undirected,9,45
Hyle-Hunt,Podrick-Payne,Undirected,19,45
Hyle-Hunt,Randyll-Tarly,Undirected,5,45
Joffrey-Baratheon,Robert-Baratheon,Undirected,5,45
Joffrey-Baratheon,Margaery-Tyrell,Undirected,6,45
Joffrey-Baratheon,Myrcella-Baratheon,Undirected,6,45
Joffrey-Baratheon,Sandor-Clegane,Undirected,4,45
Joffrey-Baratheon,Sansa-Stark,Undirected,6,45
Joffrey-Baratheon,Tommen-Baratheon,Undirected,26,45
Joffrey-Baratheon,Qyburn,Undirected,3,45
Joffrey-Baratheon,Tyrion-Lannister,Undirected,19,45
Joffrey-Baratheon,Mace-Tyrell,Undirected,3,45
Lysa-Arryn,Petyr-Baelish,Undirected,14,45
Lysa-Arryn,Sansa-Stark,Undirected,6,45
Lysa-Arryn,Robert-Arryn,Undirected,8,45
Lysa-Arryn,Marillion,Undirected,5,45
Lysa-Arryn,Nestor-Royce,Undirected,12,45
Meribald,Narbert,Undirected,4,45
Meribald,Podrick-Payne,Undirected,14,45
Pyg,Shagwell,Undirected,8,45
Pyg,Timeon,Undirected,7,45
Pyg,Vargo-Hoat,Undirected,3,45
Randyll-Tarly,Samwell-Tarly,Undirected,4,45
Randyll-Tarly,Robert-Strong,Undirected,3,45
Renly-Baratheon,Robert-Baratheon,Undirected,5,45
Renly-Baratheon,Sansa-Stark,Undirected,3,45
Renly-Baratheon,Stannis-Baratheon,Undirected,4,45
Shagwell,Timeon,Undirected,6,45
Shagwell,Zollo,Undirected,3,45
Tyrion-Lannister,Tywin-Lannister,Undirected,27,45
Tyrion-Lannister,Varys,Undirected,14,45
Tyrion-Lannister,Yandry,Undirected,15,45
Tyrion-Lannister,Ysilla,Undirected,11,45
Tyrion-Lannister,Yezzan-zo-Qaggaz,Undirected,17,45
Tyrion-Lannister,Tysha,Undirected,4,45
Lollys-Stokeworth,Tanda-Stokeworth,Undirected,4,45
Daven-Lannister,Jaime-Lannister,Undirected,12,45
Daven-Lannister,Emmon-Frey,Undirected,3,45
Edmure-Tully,Jaime-Lannister,Undirected,24,45
Edmure-Tully,Tommen-Baratheon,Undirected,4,45
Edmure-Tully,Emmon-Frey,Undirected,11,45
Edmure-Tully,Ryman-Frey,Undirected,5,45
Edmure-Tully,Ilyn-Payne,Undirected,4,45
Edmure-Tully,Walder-Frey,Undirected,4,45
Edmure-Tully,Forley-Prester,Undirected,3,45
Edmure-Tully,Roslin-Frey,Undirected,4,45
Edwyn-Frey,Jaime-Lannister,Undirected,9,45
Edwyn-Frey,Ryman-Frey,Undirected,5,45
Edwyn-Frey,Walder-Rivers,Undirected,8,45
Emmon-Frey,Jaime-Lannister,Undirected,8,45
Emmon-Frey,Tywin-Lannister,Undirected,3,45
Emmon-Frey,Ryman-Frey,Undirected,4,45
Emmon-Frey,Forley-Prester,Undirected,3,45
Emmon-Frey,Genna-Lannister,Undirected,5,45
Ryman-Frey,Walder-Rivers,Undirected,5,45
Cedric-Payne,Podrick-Payne,Undirected,3,45
Dorcas,Margaery-Tyrell,Undirected,3,45
Dorcas,Osney-Kettleblack,Undirected,3,45
Dorcas,Qyburn,Undirected,3,45
Dorcas,Jocelyn-Swyft,Undirected,8,45
Dorcas,Taena-of-Myr,Undirected,6,45
Dunsen,Gregor-Clegane,Undirected,6,45
Dunsen,Meryn-Trant,Undirected,7,45
Dunsen,Ilyn-Payne,Undirected,7,45
Dunsen,Rafford,Undirected,7,45
Eddard-Stark,Jon-Snow,Undirected,14,45
Eddard-Stark,Theon-Greyjoy,Undirected,9,45
Eddard-Stark,Robert-Baratheon,Undirected,10,45
Eddard-Stark,Jon-Arryn,Undirected,4,45
Eddard-Stark,Sansa-Stark,Undirected,3,45
Eddard-Stark,Stannis-Baratheon,Undirected,9,45
Eddard-Stark,Robb-Stark,Undirected,6,45
Eddard-Stark,Joffrey-Baratheon,Undirected,3,45
Eddard-Stark,Tyrion-Lannister,Undirected,4,45
Eddard-Stark,Pycelle,Undirected,3,45
Eddard-Stark,Roose-Bolton,Undirected,5,45
Eddard-Stark,Wyman-Manderly,Undirected,4,45
Eddard-Stark,Ramsay-Snow,Undirected,4,45
Eddard-Stark,Willam-Dustin,Undirected,4,45
High-Septon-(Tyrions),Tyrion-Lannister,Undirected,5,45
High-Sparrow,Margaery-Tyrell,Undirected,11,45
High-Sparrow,Osney-Kettleblack,Undirected,4,45
High-Sparrow,Tommen-Baratheon,Undirected,7,45
High-Sparrow,Kevan-Lannister,Undirected,5,45
High-Sparrow,Maegor-I-Targaryen,Undirected,4,45
High-Sparrow,Taena-of-Myr,Undirected,4,45
High-Sparrow,Unella,Undirected,6,45
Ilyn-Payne,Jaime-Lannister,Undirected,30,45
Ilyn-Payne,Lyle-Crakehall,Undirected,6,45
Ilyn-Payne,Meryn-Trant,Undirected,8,45
Ilyn-Payne,Rafford,Undirected,7,45
Jalabhar-Xho,Lambert-Turnberry,Undirected,3,45
Jalabhar-Xho,Tallad,Undirected,3,45
Jocelyn-Swyft,Qyburn,Undirected,3,45
Jocelyn-Swyft,Osmund-Kettleblack,Undirected,3,45
Jocelyn-Swyft,Taena-of-Myr,Undirected,4,45
Kevan-Lannister,Tywin-Lannister,Undirected,8,45
Kevan-Lannister,Lancel-Lannister,Undirected,10,45
Kevan-Lannister,Stannis-Baratheon,Undirected,3,45
Kevan-Lannister,Tommen-Baratheon,Undirected,17,45
Kevan-Lannister,Randyll-Tarly,Undirected,6,45
Kevan-Lannister,Tyrion-Lannister,Undirected,4,45
Kevan-Lannister,Mace-Tyrell,Undirected,5,45
Kevan-Lannister,Pycelle,Undirected,5,45
Kevan-Lannister,Varys,Undirected,3,45
Kevan-Lannister,Ronnet-Connington,Undirected,3,45
Mace-Tyrell,Tywin-Lannister,Undirected,4,45
Mace-Tyrell,Margaery-Tyrell,Undirected,6,45
Mace-Tyrell,Stannis-Baratheon,Undirected,4,45
Mace-Tyrell,Tommen-Baratheon,Undirected,10,45
Mace-Tyrell,Randyll-Tarly,Undirected,5,45
Mace-Tyrell,Tyrion-Lannister,Undirected,3,45
Mace-Tyrell,Olenna-Redwyne,Undirected,4,45
Mace-Tyrell,Pycelle,Undirected,4,45
Mace-Tyrell,Mathis-Rowan,Undirected,3,45
Mace-Tyrell,Robert-Strong,Undirected,3,45
Maegor-I-Targaryen,Tommen-Baratheon,Undirected,5,45
Maggy,Melara-Hetherspoon,Undirected,3,45
Moon-Boy,Osmund-Kettleblack,Undirected,12,45
Osfryd-Kettleblack,Osney-Kettleblack,Undirected,6,45
Osfryd-Kettleblack,Osmund-Kettleblack,Undirected,4,45
Pycelle,Tywin-Lannister,Undirected,4,45
Pycelle,Stannis-Baratheon,Undirected,6,45
Pycelle,Qyburn,Undirected,10,45
Pycelle,Varys,Undirected,4,45
Pycelle,Walder-Frey,Undirected,3,45
Raynard,Torbert,Undirected,4,45
Taena-of-Myr,Tommen-Baratheon,Undirected,8,45
Taena-of-Myr,Tyrion-Lannister,Undirected,3,45
Clement-Piper,Jaime-Lannister,Undirected,3,45
Cleos-Frey,Jaime-Lannister,Undirected,4,45
Colemon,Petyr-Baelish,Undirected,6,45
Colemon,Gretchel,Undirected,5,45
Colemon,Maddy,Undirected,5,45
Colemon,Robert-Arryn,Undirected,7,45
Gretchel,Sansa-Stark,Undirected,3,45
Gretchel,Maddy,Undirected,9,45
Gretchel,Robert-Arryn,Undirected,4,45
Maddy,Sansa-Stark,Undirected,3,45
Maddy,Robert-Arryn,Undirected,7,45
Maddy,Mya-Stone,Undirected,4,45
Robert-Arryn,Yohn-Royce,Undirected,4,45
Robert-Arryn,Sansa-Stark,Undirected,8,45
Robert-Arryn,Terrance-Lynderly,Undirected,4,45
Craster,Gilly,Undirected,8,45
Craster,Jon-Snow,Undirected,3,45
Craster,Samwell-Tarly,Undirected,6,45
Craster,Jeor-Mormont,Undirected,3,45
Jeor-Mormont,Jon-Snow,Undirected,11,45
Jeor-Mormont,Samwell-Tarly,Undirected,3,45
Jeor-Mormont,Qhorin-Halfhand,Undirected,3,45
Daemon-Sand,Doran-Martell,Undirected,3,45
Daemon-Sand,Oberyn-Martell,Undirected,3,45
Dalla,Gilly,Undirected,10,45
Dalla,Stannis-Baratheon,Undirected,5,45
Dalla,Melisandre,Undirected,3,45
Dalla,Mance-Rayder,Undirected,5,45
Dalla,Val,Undirected,5,45
Nymeria-Sand,Tyene-Sand,Undirected,13,45
Nymeria-Sand,Obara-Sand,Undirected,17,45
Eddison-Tollett,Gilly,Undirected,3,45
Eddison-Tollett,Jon-Snow,Undirected,30,45
Eddison-Tollett,Samwell-Tarly,Undirected,4,45
Eddison-Tollett,Satin,Undirected,3,45
Eddison-Tollett,Mully,Undirected,3,45
Eddison-Tollett,Emmett,Undirected,8,45
Eddison-Tollett,Hobb,Undirected,4,45
Eddison-Tollett,Janos-Slynt,Undirected,4,45
Roslin-Frey,Walder-Frey,Undirected,3,45
Elia-Martell,Rhaegar-Targaryen,Undirected,6,45
Elia-Martell,Tywin-Lannister,Undirected,3,45
Genna-Lannister,Jaime-Lannister,Undirected,7,45
Genna-Lannister,Tywin-Lannister,Undirected,3,45
Hotho-Harlaw,Victarion-Greyjoy,Undirected,4,45
Hotho-Harlaw,Rodrik-Harlaw,Undirected,4,45
Hotho-Harlaw,Sigfryd-Harlaw,Undirected,4,45
Humfrey-Hewett,Victarion-Greyjoy,Undirected,4,45
Nute,Victarion-Greyjoy,Undirected,11,45
Nute,Rodrik-Harlaw,Undirected,6,45
Nute,Ralf-Stonehouse,Undirected,3,45
Quellon-Greyjoy,Victarion-Greyjoy,Undirected,4,45
Garrett-Paege,Jaime-Lannister,Undirected,3,45
Gerold-Grafton,Terrance-Lynderly,Undirected,3,45
Kojja-Mo,Samwell-Tarly,Undirected,8,45
Melisandre,Stannis-Baratheon,Undirected,35,45
Melisandre,Sigorn,Undirected,3,45
Melisandre,Selyse-Florent,Undirected,11,45
Melisandre,Rattleshirt,Undirected,6,45
Melisandre,Ygritte,Undirected,3,45
Gormon-Tyrell,Walgrave,Undirected,3,45
Grenn,Jon-Snow,Undirected,3,45
Grenn,Pypar,Undirected,8,45
Grenn,Todder,Undirected,3,45
Pypar,Samwell-Tarly,Undirected,3,45
Pypar,Todder,Undirected,4,45
Gyles-Grafton,Robert-Arryn,Undirected,3,45
Gyles-Grafton,Terrance-Lynderly,Undirected,5,45
Harras-Harlaw,Victarion-Greyjoy,Undirected,3,45
Hugo-Vance,Jaime-Lannister,Undirected,3,45
Jaehaerys-I-Targaryen,Maegor-I-Targaryen,Undirected,3,45
Josmyn-Peckledon,Pia,Undirected,6,45
Pia,Qyburn,Undirected,3,45
Pia,Tyrion-Lannister,Undirected,3,45
Rennifer-Longwaters,Rugen,Undirected,3,45
Sybell-Spicer,Wyman-Manderly,Undirected,3,45
Jeyne-Farman,Melara-Hetherspoon,Undirected,4,45
Jeyne-Westerling,Robb-Stark,Undirected,3,45
Lothor-Brune,Petyr-Baelish,Undirected,3,45
Lothor-Brune,Sansa-Stark,Undirected,3,45
Lothor-Brune,Robert-Arryn,Undirected,4,45
Lothor-Brune,Mya-Stone,Undirected,6,45
Mya-Stone,Robert-Arryn,Undirected,9,45
Mya-Stone,Myranda-Royce,Undirected,6,45
Lucas-Codd,Red-Oarsman,Undirected,3,45
Lucas-Codd,Torwold-Browntooth,Undirected,3,45
Luwin,Nan,Undirected,3,45
Lyn-Corbray,Petyr-Baelish,Undirected,4,45
Lyn-Corbray,Robert-Arryn,Undirected,6,45
Lyn-Corbray,Lyonel-Corbray,Undirected,4,45
Lyonel-Corbray,Petyr-Baelish,Undirected,3,45
Marillion,Petyr-Baelish,Undirected,5,45
Nestor-Royce,Petyr-Baelish,Undirected,17,45
Nestor-Royce,Yohn-Royce,Undirected,3,45
Nestor-Royce,Sansa-Stark,Undirected,13,45
Nestor-Royce,Robert-Arryn,Undirected,7,45
Manfrey-Martell,Ricasso,Undirected,4,45
Myranda-Royce,Sansa-Stark,Undirected,3,45
Myranda-Royce,Robert-Arryn,Undirected,4,45
Ralf-Stonehouse,Victarion-Greyjoy,Undirected,3,45
Pate-(whipping-boy),Tommen-Baratheon,Undirected,4,45
Puckens,Pycelle,Undirected,3,45
Puckens,Shortear,Undirected,3,45
Qhorin-Halfhand,Samwell-Tarly,Undirected,3,45
Quhuru-Mo,Samwell-Tarly,Undirected,4,45
Quhuru-Mo,Xhondo,Undirected,4,45
Ralf-(Limper),Victarion-Greyjoy,Undirected,7,45
Roose-Bolton,Theon-Greyjoy,Undirected,14,45
Roose-Bolton,Stannis-Baratheon,Undirected,18,45
Roose-Bolton,Wyman-Manderly,Undirected,5,45
Roose-Bolton,Walda-Frey-(daughter-of-Merrett),Undirected,4,45
Sarella-Sand,Tyene-Sand,Undirected,3,45
Shae,Tyrion-Lannister,Undirected,3,45
Shae,Tysha,Undirected,4,45
Talbert-Serry,Victarion-Greyjoy,Undirected,10,45
Aegon-I-Targaryen,Daenerys-Targaryen,Undirected,4,45
Daenerys-Targaryen,Rhaegar-Targaryen,Undirected,10,45
Daenerys-Targaryen,Victarion-Greyjoy,Undirected,7,45
Daenerys-Targaryen,Robert-Baratheon,Undirected,3,45
Daenerys-Targaryen,Quentyn-Martell,Undirected,58,45
Daenerys-Targaryen,Doran-Martell,Undirected,3,45
Daenerys-Targaryen,Tyrion-Lannister,Undirected,17,45
Daenerys-Targaryen,Mace-Tyrell,Undirected,3,45
Daenerys-Targaryen,Varys,Undirected,3,45
Daenerys-Targaryen,Jon-Connington,Undirected,6,45
Daenerys-Targaryen,Viserys-Targaryen,Undirected,7,45
Daenerys-Targaryen,Grey-Worm,Undirected,11,45
Daenerys-Targaryen,Jhogo,Undirected,6,45
Daenerys-Targaryen,Rakharo,Undirected,7,45
Daenerys-Targaryen,Gerris-Drinkwater,Undirected,15,45
Daenerys-Targaryen,Tattered-Prince,Undirected,4,45
Daenerys-Targaryen,Galazza-Galare,Undirected,19,45
Daenerys-Targaryen,Groleo,Undirected,4,45
Daenerys-Targaryen,Hizdahr-zo-Loraq,Undirected,96,45
Daenerys-Targaryen,Missandei,Undirected,37,45
Daenerys-Targaryen,Reznak-mo-Reznak,Undirected,19,45
Daenerys-Targaryen,Skahaz-mo-Kandaq,Undirected,33,45
Daenerys-Targaryen,Xaro-Xhoan-Daxos,Undirected,16,45
Daenerys-Targaryen,Irri,Undirected,25,45
Daenerys-Targaryen,Spotted-Cat,Undirected,3,45
Daenerys-Targaryen,Penny,Undirected,4,45
Daenerys-Targaryen,Moqorro,Undirected,3,45
Daenerys-Targaryen,Meris,Undirected,6,45
Daenerys-Targaryen,Hero,Undirected,5,45
Daenerys-Targaryen,Jhiqui,Undirected,15,45
Daenerys-Targaryen,Daeron-II-Targaryen,Undirected,3,45
Daenerys-Targaryen,Drogo,Undirected,7,45
Daenerys-Targaryen,Eroeh,Undirected,3,45
Daenerys-Targaryen,Ezzara,Undirected,3,45
Daenerys-Targaryen,Ghael,Undirected,5,45
Daenerys-Targaryen,Illyrio-Mopatis,Undirected,12,45
Daenerys-Targaryen,Jorah-Mormont,Undirected,4,45
Daenerys-Targaryen,Lysono-Maar,Undirected,3,45
Daenerys-Targaryen,Marselen,Undirected,3,45
Daenerys-Targaryen,Mezzara,Undirected,4,45
Daenerys-Targaryen,Miklaz,Undirected,3,45
Daenerys-Targaryen,Qavo-Nogarys,Undirected,5,45
Daenerys-Targaryen,Qezza,Undirected,6,45
Daenerys-Targaryen,Quaithe,Undirected,6,45
Daenerys-Targaryen,Symon-Stripeback,Undirected,4,45
Daenerys-Targaryen,Yurkhaz-zo-Yunzak,Undirected,4,45
Franklyn-Flowers,Jon-Connington,Undirected,4,45
Haldon,Tyrion-Lannister,Undirected,54,45
Haldon,Jon-Connington,Undirected,13,45
Haldon,Lemore,Undirected,4,45
Haldon,Rolly-Duckfield,Undirected,26,45
Haldon,Yandry,Undirected,4,45
Haldon,Ysilla,Undirected,5,45
Haldon,Illyrio-Mopatis,Undirected,3,45
Haldon,Qavo-Nogarys,Undirected,5,45
Haldon,Pono,Undirected,3,45
Harry-Strickland,Jon-Connington,Undirected,18,45
Harry-Strickland,Myles-Toyne,Undirected,4,45
Jon-Connington,Rhaegar-Targaryen,Undirected,7,45
Jon-Connington,Robert-Baratheon,Undirected,8,45
Jon-Connington,Tywin-Lannister,Undirected,4,45
Jon-Connington,Tyrion-Lannister,Undirected,37,45
Jon-Connington,Varys,Undirected,6,45
Jon-Connington,Lemore,Undirected,11,45
Jon-Connington,Rolly-Duckfield,Undirected,12,45
Jon-Connington,Yandry,Undirected,9,45
Jon-Connington,Myles-Toyne,Undirected,9,45
Jon-Connington,Nyessos-Vhassar,Undirected,3,45
Lemore,Tyrion-Lannister,Undirected,16,45
Lemore,Rolly-Duckfield,Undirected,5,45
Lemore,Yandry,Undirected,5,45
Lemore,Ysilla,Undirected,3,45
Rolly-Duckfield,Tyrion-Lannister,Undirected,20,45
Rolly-Duckfield,Yandry,Undirected,12,45
Rolly-Duckfield,Ysilla,Undirected,9,45
Yandry,Ysilla,Undirected,14,45
Aenys-Frey,Theon-Greyjoy,Undirected,3,45
Aenys-Frey,Hosteen-Frey,Undirected,6,45
Aenys-Frey,Wyman-Manderly,Undirected,4,45
Hosteen-Frey,Wyman-Manderly,Undirected,5,45
Aggo,Barristan-Selmy,Undirected,3,45
Aggo,Daenerys-Targaryen,Undirected,9,45
Aggo,Daario-Naharis,Undirected,4,45
Aggo,Grey-Worm,Undirected,5,45
Aggo,Jhogo,Undirected,6,45
Aggo,Rakharo,Undirected,9,45
Daario-Naharis,Quentyn-Martell,Undirected,5,45
Daario-Naharis,Daenerys-Targaryen,Undirected,50,45
Daario-Naharis,Grey-Worm,Undirected,6,45
Daario-Naharis,Jhogo,Undirected,9,45
Daario-Naharis,Rakharo,Undirected,4,45
Daario-Naharis,Groleo,Undirected,4,45
Daario-Naharis,Hizdahr-zo-Loraq,Undirected,14,45
Daario-Naharis,Missandei,Undirected,4,45
Daario-Naharis,Skahaz-mo-Kandaq,Undirected,9,45
Daario-Naharis,Irri,Undirected,7,45
Daario-Naharis,Hero,Undirected,7,45
Daario-Naharis,Jhiqui,Undirected,5,45
Grey-Worm,Hizdahr-zo-Loraq,Undirected,3,45
Grey-Worm,Skahaz-mo-Kandaq,Undirected,6,45
Grey-Worm,Irri,Undirected,4,45
Jhogo,Rakharo,Undirected,6,45
Alliser-Thorne,Jon-Snow,Undirected,6,45
Alys-Karstark,Jon-Snow,Undirected,13,45
Alys-Karstark,Melisandre,Undirected,6,45
Alys-Karstark,Sigorn,Undirected,5,45
Sigorn,Stannis-Baratheon,Undirected,3,45
Alysane-Mormont,Asha-Greyjoy,Undirected,18,45
Alysane-Mormont,Stannis-Baratheon,Undirected,5,45
Alysane-Mormont,Justin-Massey,Undirected,5,45
Justin-Massey,Stannis-Baratheon,Undirected,10,45
Justin-Massey,Richard-Horpe,Undirected,7,45
Archibald-Yronwood,Quentyn-Martell,Undirected,21,45
Archibald-Yronwood,Cletus-Yronwood,Undirected,5,45
Archibald-Yronwood,Gerris-Drinkwater,Undirected,13,45
Archibald-Yronwood,Tattered-Prince,Undirected,4,45
Cletus-Yronwood,Quentyn-Martell,Undirected,7,45
Cletus-Yronwood,Daenerys-Targaryen,Undirected,3,45
Cletus-Yronwood,Gerris-Drinkwater,Undirected,5,45
Cletus-Yronwood,Kedry,Undirected,3,45
Gerris-Drinkwater,Quentyn-Martell,Undirected,49,45
Gerris-Drinkwater,Tattered-Prince,Undirected,3,45
Gerris-Drinkwater,Hizdahr-zo-Loraq,Undirected,4,45
Gerris-Drinkwater,Meris,Undirected,4,45
Arnolf-Karstark,Asha-Greyjoy,Undirected,3,45
Arnolf-Karstark,Stannis-Baratheon,Undirected,7,45
Arnolf-Karstark,Arthor-Karstark,Undirected,3,45
Arnolf-Karstark,Mors-Umber,Undirected,4,45
Arnolf-Karstark,Rickard-Karstark,Undirected,3,45
Mors-Umber,Stannis-Baratheon,Undirected,7,45
Arron,Emrick,Undirected,6,45
Arron,Hareth-(Moles-Town),Undirected,4,45
Arron,Satin,Undirected,4,45
Emrick,Hareth-(Moles-Town),Undirected,3,45
Emrick,Satin,Undirected,3,45
Hareth-(Moles-Town),Jon-Snow,Undirected,10,45
Hareth-(Moles-Town),Satin,Undirected,6,45
Hareth-(Moles-Town),Hop-Robin,Undirected,5,45
Hareth-(Moles-Town),Leathers,Undirected,3,45
Hareth-(Moles-Town),Rory,Undirected,4,45
Satin,Selyse-Florent,Undirected,4,45
Jeyne-Poole,Theon-Greyjoy,Undirected,24,45
Jeyne-Poole,Roose-Bolton,Undirected,3,45
Jeyne-Poole,Ramsay-Snow,Undirected,12,45
Jeyne-Poole,Rowan,Undirected,3,45
Jeyne-Poole,Squirrel,Undirected,3,45
Mance-Rayder,Theon-Greyjoy,Undirected,9,45
Mance-Rayder,Stannis-Baratheon,Undirected,16,45
Mance-Rayder,Melisandre,Undirected,6,45
Mance-Rayder,Ramsay-Snow,Undirected,7,45
Mance-Rayder,Tormund,Undirected,12,45
Mance-Rayder,Varamyr,Undirected,3,45
Mance-Rayder,Val,Undirected,6,45
Mance-Rayder,Rowan,Undirected,4,45
Mance-Rayder,Squirrel,Undirected,5,45
Ramsay-Snow,Theon-Greyjoy,Undirected,87,45
Ramsay-Snow,Stannis-Baratheon,Undirected,8,45
Ramsay-Snow,Roose-Bolton,Undirected,14,45
Ramsay-Snow,Wyman-Manderly,Undirected,5,45
Ramsay-Snow,Skinner,Undirected,5,45
Ramsay-Snow,Sour-Alyn,Undirected,6,45
Ramsay-Snow,Walder-Frey-(son-of-Merrett),Undirected,3,45
Ramsay-Snow,Yellow-Dick,Undirected,7,45
Clayton-Suggs,Stannis-Baratheon,Undirected,6,45
Clayton-Suggs,Godry-Farring,Undirected,5,45
Godry-Farring,Jon-Snow,Undirected,3,45
Godry-Farring,Stannis-Baratheon,Undirected,9,45
Godry-Farring,Melisandre,Undirected,3,45
Godry-Farring,Justin-Massey,Undirected,3,45
Godry-Farring,Mance-Rayder,Undirected,3,45
Grimtongue,Hagen,Undirected,5,45
Grimtongue,Lorren,Undirected,5,45
Hagen,Tristifer-Botley,Undirected,3,45
Hagen,Qarl-the-Maid,Undirected,3,45
Hagen,Lorren,Undirected,3,45
Qarl-the-Maid,Tristifer-Botley,Undirected,5,45
Ashara-Dayne,Elia-Martell,Undirected,3,45
Axell-Florent,Jon-Snow,Undirected,4,45
Axell-Florent,Stannis-Baratheon,Undirected,3,45
Axell-Florent,Melisandre,Undirected,5,45
Axell-Florent,Selyse-Florent,Undirected,8,45
Axell-Florent,Shireen-Baratheon,Undirected,3,45
Selyse-Florent,Stannis-Baratheon,Undirected,14,45
Selyse-Florent,Shireen-Baratheon,Undirected,8,45
Selyse-Florent,Val,Undirected,15,45
Selyse-Florent,Wun-Weg-Wun-Dar-Wun,Undirected,5,45
Shireen-Baratheon,Stannis-Baratheon,Undirected,4,45
Shireen-Baratheon,Val,Undirected,4,45
Azor-Ahai,Stannis-Baratheon,Undirected,3,45
Barbrey-Dustin,Theon-Greyjoy,Undirected,17,45
Barbrey-Dustin,Stannis-Baratheon,Undirected,3,45
Barbrey-Dustin,Roose-Bolton,Undirected,3,45
Barbrey-Dustin,Jeyne-Poole,Undirected,5,45
Barbrey-Dustin,Ramsay-Snow,Undirected,5,45
Barbrey-Dustin,Roger-Ryswell,Undirected,4,45
Roger-Ryswell,Theon-Greyjoy,Undirected,4,45
Belwas,Quentyn-Martell,Undirected,3,45
Belwas,Daenerys-Targaryen,Undirected,13,45
Belwas,Hizdahr-zo-Loraq,Undirected,11,45
Belwas,Skahaz-mo-Kandaq,Undirected,3,45
Ben-Plumm,Tyrion-Lannister,Undirected,4,45
Ben-Plumm,Daenerys-Targaryen,Undirected,14,45
Ben-Plumm,Daario-Naharis,Undirected,9,45
Ben-Plumm,Hizdahr-zo-Loraq,Undirected,3,45
Ben-Plumm,Kasporio,Undirected,3,45
Ben-Plumm,Penny,Undirected,3,45
Ben-Plumm,Tybero-Istarion,Undirected,5,45
Bloodbeard,Daenerys-Targaryen,Undirected,3,45
Bloodbeard,Tattered-Prince,Undirected,3,45
Bloodbeard,Hizdahr-zo-Loraq,Undirected,5,45
Galazza-Galare,Grazhar,Undirected,4,45
Galazza-Galare,Hizdahr-zo-Loraq,Undirected,12,45
Galazza-Galare,Reznak-mo-Reznak,Undirected,5,45
Galazza-Galare,Skahaz-mo-Kandaq,Undirected,12,45
Grazhar,Qezza,Undirected,5,45
Groleo,Jhogo,Undirected,5,45
Groleo,Skahaz-mo-Kandaq,Undirected,3,45
Groleo,Hero,Undirected,4,45
Hizdahr-zo-Loraq,Quentyn-Martell,Undirected,15,45
Hizdahr-zo-Loraq,Khrazz,Undirected,9,45
Hizdahr-zo-Loraq,Missandei,Undirected,6,45
Hizdahr-zo-Loraq,Reznak-mo-Reznak,Undirected,13,45
Hizdahr-zo-Loraq,Skahaz-mo-Kandaq,Undirected,29,45
Hizdahr-zo-Loraq,Steelskin,Undirected,3,45
Hizdahr-zo-Loraq,Irri,Undirected,3,45
Hizdahr-zo-Loraq,Spotted-Cat,Undirected,5,45
Hizdahr-zo-Loraq,Jhiqui,Undirected,3,45
Hizdahr-zo-Loraq,Qezza,Undirected,3,45
Hizdahr-zo-Loraq,Marghaz-zo-Loraq,Undirected,5,45
Khrazz,Steelskin,Undirected,3,45
Khrazz,Spotted-Cat,Undirected,4,45
Missandei,Quentyn-Martell,Undirected,3,45
Missandei,Skahaz-mo-Kandaq,Undirected,6,45
Reznak-mo-Reznak,Skahaz-mo-Kandaq,Undirected,5,45
Barsena,Daenerys-Targaryen,Undirected,4,45
Bartimus,Davos-Seaworth,Undirected,4,45
Davos-Seaworth,Stannis-Baratheon,Undirected,21,45
Davos-Seaworth,Robb-Stark,Undirected,3,45
Davos-Seaworth,Eddard-Stark,Undirected,4,45
Davos-Seaworth,Melisandre,Undirected,4,45
Davos-Seaworth,Sybell-Spicer,Undirected,3,45
Davos-Seaworth,Wyman-Manderly,Undirected,32,45
Davos-Seaworth,Garth-(Wolfs-Den),Undirected,4,45
Davos-Seaworth,Godric-Borrell,Undirected,9,45
Davos-Seaworth,Leona-Woolfield,Undirected,3,45
Davos-Seaworth,Marlon-Manderly,Undirected,5,45
Davos-Seaworth,Robett-Glover,Undirected,4,45
Davos-Seaworth,Salladhor-Saan,Undirected,11,45
Belaquo,Hizdahr-zo-Loraq,Undirected,3,45
Belaquo,Goghor-the-Giant,Undirected,7,45
Belaquo,Irri,Undirected,3,45
Belaquo,Spotted-Cat,Undirected,5,45
Goghor-the-Giant,Hizdahr-zo-Loraq,Undirected,5,45
Goghor-the-Giant,Khrazz,Undirected,4,45
Goghor-the-Giant,Spotted-Cat,Undirected,6,45
Irri,Rakharo,Undirected,5,45
Irri,Missandei,Undirected,9,45
Irri,Skahaz-mo-Kandaq,Undirected,5,45
Irri,Jhiqui,Undirected,24,45
Ben-Bones,Theon-Greyjoy,Undirected,4,45
Ben-Bones,Ramsay-Snow,Undirected,5,45
Kasporio,Tyrion-Lannister,Undirected,3,45
Kasporio,Tybero-Istarion,Undirected,3,45
Penny,Tyrion-Lannister,Undirected,59,45
Penny,Yezzan-zo-Qaggaz,Undirected,9,45
Penny,Sweets,Undirected,4,45
Tybero-Istarion,Tyrion-Lannister,Undirected,8,45
Benerro,Tyrion-Lannister,Undirected,7,45
Benerro,Daenerys-Targaryen,Undirected,3,45
Benerro,Haldon,Undirected,4,45
Benerro,Moqorro,Undirected,4,45
Moqorro,Victarion-Greyjoy,Undirected,21,45
Moqorro,Tyrion-Lannister,Undirected,7,45
Moqorro,Rodrik-Sparr,Undirected,4,45
Benethon-Scales,Selyse-Florent,Undirected,4,45
Benethon-Scales,Narbert-Grandison,Undirected,3,45
Narbert-Grandison,Selyse-Florent,Undirected,8,45
Narbert-Grandison,Patrek-of-Kings-Mountain,Undirected,3,45
Benjen-Stark,Jon-Snow,Undirected,4,45
Black-Balaq,Franklyn-Flowers,Undirected,3,45
Bowen-Marsh,Jon-Snow,Undirected,45,45
Bowen-Marsh,Stannis-Baratheon,Undirected,3,45
Bowen-Marsh,Eddison-Tollett,Undirected,9,45
Bowen-Marsh,Satin,Undirected,3,45
Bowen-Marsh,Mance-Rayder,Undirected,5,45
Bowen-Marsh,Cellador,Undirected,8,45
Bowen-Marsh,Othell-Yarwyck,Undirected,19,45
Bowen-Marsh,Tormund,Undirected,5,45
Bowen-Marsh,Wick-Whittlestick,Undirected,5,45
Cellador,Clydas,Undirected,3,45
Cellador,Jon-Snow,Undirected,3,45
Cellador,Othell-Yarwyck,Undirected,8,45
Othell-Yarwyck,Weeper,Undirected,4,45
Tormund,Val,Undirected,9,45
Tormund,Weeper,Undirected,9,45
Brynden-Rivers,Meera-Reed,Undirected,3,45
Coldhands,Hodor,Undirected,4,45
Coldhands,Meera-Reed,Undirected,3,45
Hodor,Jojen-Reed,Undirected,11,45
Hodor,Meera-Reed,Undirected,21,45
Jojen-Reed,Meera-Reed,Undirected,21,45
Leaf,Meera-Reed,Undirected,6,45
Brandon-Norrey,Jon-Snow,Undirected,3,45
Brandon-Norrey,Torghen-Flint,Undirected,3,45
Brus-Buckler,Selyse-Florent,Undirected,5,45
Brus-Buckler,Narbert-Grandison,Undirected,4,45
Brus-Buckler,Malegorn,Undirected,6,45
Malegorn,Selyse-Florent,Undirected,5,45
Malegorn,Narbert-Grandison,Undirected,3,45
Bump,Varamyr,Undirected,5,45
Caggo,Quentyn-Martell,Undirected,7,45
Caggo,Gerris-Drinkwater,Undirected,3,45
Caggo,Tattered-Prince,Undirected,4,45
Caggo,Lucifer-Long,Undirected,3,45
Caggo,Meris,Undirected,7,45
Meris,Quentyn-Martell,Undirected,14,45
Meris,Tattered-Prince,Undirected,9,45
Camarron,Spotted-Cat,Undirected,3,45
Moelle,Unella,Undirected,12,45
Moelle,Scolera,Undirected,10,45
Scolera,Unella,Undirected,12,45
Cleon,Quentyn-Martell,Undirected,3,45
Cleon,Daenerys-Targaryen,Undirected,9,45
Kedry,Quentyn-Martell,Undirected,3,45
Corliss-Penny,Stannis-Baratheon,Undirected,3,45
Cotter-Pyke,Jon-Snow,Undirected,11,45
Cotter-Pyke,Selyse-Florent,Undirected,3,45
Cotter-Pyke,Denys-Mallister,Undirected,4,45
Denys-Mallister,Jon-Snow,Undirected,4,45
Cromm,Grimtongue,Undirected,4,45
Cromm,Hagen,Undirected,4,45
Hero,Jhogo,Undirected,8,45
Jhiqui,Rakharo,Undirected,5,45
Jhiqui,Missandei,Undirected,10,45
Jhiqui,Skahaz-mo-Kandaq,Undirected,3,45
Drogo,Viserys-Targaryen,Undirected,4,45
Illyrio-Mopatis,Tyrion-Lannister,Undirected,30,45
Illyrio-Mopatis,Jon-Connington,Undirected,6,45
Illyrio-Mopatis,Rolly-Duckfield,Undirected,6,45
Jorah-Mormont,Tyrion-Lannister,Undirected,27,45
Jorah-Mormont,Penny,Undirected,9,45
Jorah-Mormont,Nurse,Undirected,4,45
Marselen,Symon-Stripeback,Undirected,4,45
Mezzara,Qezza,Undirected,3,45
Miklaz,Qezza,Undirected,4,45
Qavo-Nogarys,Tyrion-Lannister,Undirected,6,45
Damon-Dance-for-Me,Theon-Greyjoy,Undirected,5,45
Damon-Dance-for-Me,Ramsay-Snow,Undirected,7,45
Damon-Dance-for-Me,Grunt,Undirected,3,45
Damon-Dance-for-Me,Skinner,Undirected,7,45
Damon-Dance-for-Me,Sour-Alyn,Undirected,4,45
Grunt,Theon-Greyjoy,Undirected,3,45
Grunt,Sour-Alyn,Undirected,7,45
Skinner,Theon-Greyjoy,Undirected,4,45
Skinner,Sour-Alyn,Undirected,6,45
Sour-Alyn,Theon-Greyjoy,Undirected,8,45
Sour-Alyn,Yellow-Dick,Undirected,3,45
Garth-(Wolfs-Den),Sybell-Spicer,Undirected,3,45
Leona-Woolfield,Wyman-Manderly,Undirected,4,45
Marlon-Manderly,Stannis-Baratheon,Undirected,3,45
Robett-Glover,Stannis-Baratheon,Undirected,4,45
Salladhor-Saan,Stannis-Baratheon,Undirected,8,45
Denzo-Dhan,Meris,Undirected,3,45
Devan-Seaworth,Jon-Snow,Undirected,5,45
Devan-Seaworth,Stannis-Baratheon,Undirected,14,45
Devan-Seaworth,Melisandre,Undirected,4,45
Dick-Straw,Tattered-Prince,Undirected,4,45
Dick-Straw,Hugh-Hungerford,Undirected,3,45
Donal-Noye,Jon-Snow,Undirected,7,45
Donal-Noye,Qhorin-Halfhand,Undirected,3,45
Draqaz,Miklaz,Undirected,3,45
Dryn,Tormund,Undirected,3,45
Emmett,Jon-Snow,Undirected,15,45
Emmett,Hareth-(Moles-Town),Undirected,3,45
Emmett,Janos-Slynt,Undirected,4,45
Emmett,Hop-Robin,Undirected,4,45
Hobb,Jon-Snow,Undirected,4,45
Hobb,Melisandre,Undirected,3,45
Hobb,Mully,Undirected,3,45
Hobb,Owen,Undirected,5,45
Janos-Slynt,Jon-Snow,Undirected,16,45
Hop-Robin,Jon-Snow,Undirected,4,45
Frenya,Theon-Greyjoy,Undirected,3,45
Frenya,Holly,Undirected,6,45
Holly,Theon-Greyjoy,Undirected,10,45
Holly,Jeyne-Poole,Undirected,4,45
Holly,Rowan,Undirected,3,45
Fulk,Jon-Snow,Undirected,4,45
Fulk,Mully,Undirected,5,45
Garth-Greyfeather,Jon-Snow,Undirected,3,45
Garth-Greyfeather,Hairy-Hal,Undirected,4,45
Garth-Greyfeather,Jack-Bulwer,Undirected,4,45
Hairy-Hal,Jon-Snow,Undirected,4,45
Hairy-Hal,Jack-Bulwer,Undirected,3,45
Jack-Bulwer,Jon-Snow,Undirected,3,45
Gerrick-Kingsblood,Jon-Snow,Undirected,5,45
Gerrick-Kingsblood,Raymun-Redbeard,Undirected,3,45
Lorren,Sybelle-Glover,Undirected,3,45
Haggon,Varamyr,Undirected,8,45
Leathers,Tormund,Undirected,3,45
Leathers,Toregg,Undirected,4,45
Leathers,Wun-Weg-Wun-Dar-Wun,Undirected,9,45
Harl,Lorren,Undirected,3,45
Harwood-Stout,Theon-Greyjoy,Undirected,5,45
Rowan,Theon-Greyjoy,Undirected,12,45
Rowan,Squirrel,Undirected,5,45
Hoster-Blackwood,Jaime-Lannister,Undirected,4,45
Hother-Umber,Wyman-Manderly,Undirected,5,45
Hother-Umber,Mors-Umber,Undirected,3,45
Hother-Umber,Ramsay-Snow,Undirected,5,45
Hother-Umber,Jon-Umber-(Greatjon),Undirected,3,45
Jared-Frey,Rhaegar-Frey,Undirected,3,45
Rhaegar-Frey,Wyman-Manderly,Undirected,3,45
Squirrel,Theon-Greyjoy,Undirected,7,45
Patrek-of-Kings-Mountain,Selyse-Florent,Undirected,7,45
Patrek-of-Kings-Mountain,Wun-Weg-Wun-Dar-Wun,Undirected,3,45
Toregg,Tormund,Undirected,8,45
Nurse,Tyrion-Lannister,Undirected,8,45
Nurse,Penny,Undirected,4,45
Nurse,Yezzan-zo-Qaggaz,Undirected,12,45
Joramun,Melisandre,Undirected,4,45
Joramun,Mance-Rayder,Undirected,3,45
Richard-Horpe,Stannis-Baratheon,Undirected,3,45
Kerwin,Victarion-Greyjoy,Undirected,12,45
Longwater-Pyke,Victarion-Greyjoy,Undirected,3,45
Luton,Skinner,Undirected,3,45
Lyanna-Mormont,Stannis-Baratheon,Undirected,3,45
Lyanna-Stark,Rhaegar-Targaryen,Undirected,4,45
Maege-Mormont,Robb-Stark,Undirected,4,45
Malaquo-Maegyr,Nyessos-Vhassar,Undirected,7,45
Marya-Seaworth,Stannis-Baratheon,Undirected,3,45
Rodrik-Sparr,Victarion-Greyjoy,Undirected,7,45
Morgo,Tyrion-Lannister,Undirected,4,45
Old-Bill-Bone,Quentyn-Martell,Undirected,3,45
Patchface,Selyse-Florent,Undirected,3,45
Patchface,Shireen-Baratheon,Undirected,3,45
Sweets,Tyrion-Lannister,Undirected,7,45
Sweets,Yezzan-zo-Qaggaz,Undirected,6,45
Rodrik-Cassel,Theon-Greyjoy,Undirected,3,45
Roose-Ryswell,Stannis-Baratheon,Undirected,3,45
Scar,Tyrion-Lannister,Undirected,8,45
Scar,Yezzan-zo-Qaggaz,Undirected,4,45
Shrouded-Lord,Tyrion-Lannister,Undirected,4,45
Theomore,Wyman-Manderly,Undirected,3,45
Walder-Frey-(son-of-Jammos),Walder-Frey-(son-of-Merrett),Undirected,10,45
Thistle,Varamyr,Undirected,7,45